time,current_u,current_v,wind_speed,wind_from_deg
2025-06-01T00:00,0.0990,-0.0504,4.89,284
2025-06-01T01:00,0.0990,-0.0504,5.06,287
2025-06-01T02:00,0.0589,-0.0589,4.74,281
2025-06-01T03:00,0.0000,-0.0556,4.76,274
2025-06-01T04:00,0.0000,-0.0556,4.18,281
2025-06-01T05:00,0.0589,-0.0589,5.98,294
2025-06-01T06:00,0.0990,-0.0504,7.71,304
2025-06-01T07:00,0.1585,-0.0515,8.36,305
2025-06-01T08:00,0.1585,-0.0515,8.39,309
2025-06-01T09:00,0.1585,-0.0515,8.45,314
2025-06-01T10:00,0.0990,-0.0504,8.02,320
2025-06-01T11:00,0.0990,-0.0504,7.28,325
2025-06-01T12:00,0.0589,-0.0589,6.12,341
2025-06-01T13:00,0.0504,-0.0990,7.12,356
2025-06-01T14:00,0.0000,-0.1111,7.51,2
2025-06-01T15:00,0.0000,-0.1111,6.71,3
2025-06-01T16:00,0.0000,-0.1111,7.11,356
2025-06-01T17:00,0.0000,-0.1111,6.72,349
2025-06-01T18:00,0.0504,-0.0990,5.90,347
2025-06-01T19:00,0.0982,-0.0982,5.75,345
2025-06-01T20:00,0.1585,-0.0515,5.76,344
2025-06-01T21:00,0.1585,-0.0515,5.41,342
2025-06-01T22:00,0.1585,-0.0515,5.11,344
2025-06-01T23:00,0.1585,-0.0515,5.42,342
2025-06-02T00:00,0.0990,-0.0504,5.55,346
2025-06-02T01:00,0.0990,-0.0504,3.73,7
2025-06-02T02:00,0.0589,-0.0589,4.01,4
2025-06-02T03:00,0.0000,-0.0556,4.55,1
2025-06-02T04:00,0.0000,-0.0556,4.60,358
2025-06-02T05:00,-0.0589,-0.0589,5.27,356
2025-06-02T06:00,0.0000,-0.1111,6.16,347
2025-06-02T07:00,0.0000,-0.1111,6.95,337
2025-06-02T08:00,0.0504,-0.0990,6.98,335
2025-06-02T09:00,0.0504,-0.0990,7.01,340
2025-06-02T10:00,0.0000,-0.1111,7.41,350
2025-06-02T11:00,0.0000,-0.1111,8.50,0
2025-06-02T12:00,0.0000,-0.1111,8.33,5
2025-06-02T13:00,0.0000,-0.1111,8.92,4
2025-06-02T14:00,0.0000,-0.1111,8.55,2
2025-06-02T15:00,0.0000,-0.1111,7.87,356
2025-06-02T16:00,0.0000,-0.1111,7.48,349
2025-06-02T17:00,-0.0504,-0.0990,7.13,341
2025-06-02T18:00,0.0000,-0.1111,5.86,329
2025-06-02T19:00,0.0504,-0.0990,5.83,324
2025-06-02T20:00,0.0990,-0.0504,5.52,318
2025-06-02T21:00,0.0990,-0.0504,4.39,318
2025-06-02T22:00,0.1585,-0.0515,4.11,318
2025-06-02T23:00,0.1585,-0.0515,4.07,313
2025-06-03T00:00,0.0990,-0.0504,4.42,313
2025-06-03T01:00,0.0990,-0.0504,5.21,329
2025-06-03T02:00,0.0990,-0.0504,5.70,325
2025-06-03T03:00,0.0589,-0.0589,5.98,324
2025-06-03T04:00,0.0000,-0.1111,6.70,327
2025-06-03T05:00,0.0000,-0.1111,8.28,332
2025-06-03T06:00,-0.0504,-0.0990,8.79,333
2025-06-03T07:00,0.0000,-0.1111,9.17,335
2025-06-03T08:00,0.0000,-0.1111,9.24,338
2025-06-03T09:00,0.0504,-0.0990,8.27,339
2025-06-03T10:00,0.0504,-0.0990,8.02,347
2025-06-03T11:00,0.0000,-0.1111,8.91,349
2025-06-03T12:00,0.0000,-0.1111,8.79,350
2025-06-03T13:00,0.0000,-0.1111,8.77,353
2025-06-03T14:00,0.0000,-0.1111,7.60,349
2025-06-03T15:00,0.0000,-0.1111,6.23,337
2025-06-03T16:00,0.0000,-0.0556,4.90,333
2025-06-03T17:00,0.0589,-0.0589,5.01,320
2025-06-03T18:00,0.0589,-0.0589,6.61,316
2025-06-03T19:00,0.0589,-0.0589,5.69,315
2025-06-03T20:00,0.0990,-0.0504,5.49,312
2025-06-03T21:00,0.1585,-0.0515,5.36,310
2025-06-03T22:00,0.1585,-0.0515,5.97,306
2025-06-03T23:00,0.1585,-0.0515,6.48,306
2025-06-04T00:00,0.1887,-0.0470,7.20,310
2025-06-04T01:00,0.1887,-0.0470,8.10,325
2025-06-04T02:00,0.1585,-0.0515,8.38,325
2025-06-04T03:00,0.1585,-0.0515,8.60,327
2025-06-04T04:00,0.0990,-0.0504,9.26,329
2025-06-04T05:00,0.0990,-0.0504,9.59,332
2025-06-04T06:00,0.0589,-0.0589,9.29,336
2025-06-04T07:00,0.0589,-0.0589,8.70,342
2025-06-04T08:00,0.0589,-0.0589,8.21,342
2025-06-04T09:00,0.0589,-0.0589,7.04,342
2025-06-04T10:00,0.0589,-0.0589,6.61,344
2025-06-04T11:00,0.0589,-0.0589,6.25,346
2025-06-04T12:00,0.0589,-0.0589,5.86,345
2025-06-04T13:00,0.0589,-0.0589,7.83,350
2025-06-04T14:00,0.0589,-0.0589,7.21,345
2025-06-04T15:00,0.0589,-0.0589,5.79,332
2025-06-04T16:00,0.0990,-0.0504,4.60,316
2025-06-04T17:00,0.0589,-0.0589,5.78,330
2025-06-04T18:00,0.0589,-0.0589,6.31,334
2025-06-04T19:00,0.0589,-0.0589,5.27,329
2025-06-04T20:00,0.0589,-0.0589,4.79,323
2025-06-04T21:00,0.0990,-0.0504,4.76,309
2025-06-04T22:00,0.0990,-0.0504,4.88,299
2025-06-04T23:00,0.1585,-0.0515,4.97,299
2025-06-05T00:00,0.1585,-0.0515,4.83,297
2025-06-05T01:00,0.1585,-0.0515,4.47,310
2025-06-05T02:00,0.1585,-0.0515,4.06,308
2025-06-05T03:00,0.0990,-0.0504,3.97,319
2025-06-05T04:00,0.0990,-0.0504,4.69,326
2025-06-05T05:00,0.0589,-0.0589,5.74,330
2025-06-05T06:00,0.0589,-0.0589,5.64,325
2025-06-05T07:00,0.0000,-0.0556,5.77,325
2025-06-05T08:00,0.0000,-0.0556,6.26,324
2025-06-05T09:00,0.0000,-0.0556,6.64,327
2025-06-05T10:00,0.0000,-0.0556,6.67,345
2025-06-05T11:00,0.0589,-0.0589,6.71,3
2025-06-05T12:00,0.0000,-0.0556,6.65,7
2025-06-05T13:00,0.0000,-0.0556,9.03,10
2025-06-05T14:00,0.0000,-0.0556,7.98,14
2025-06-05T15:00,0.0000,-0.0556,6.70,19
2025-06-05T16:00,0.0000,-0.0556,6.42,15
2025-06-05T17:00,0.0000,-0.0556,5.96,15
2025-06-05T18:00,-0.0589,-0.0589,5.10,11
2025-06-05T19:00,-0.0589,-0.0589,3.94,8
2025-06-05T20:00,-0.0589,-0.0589,3.10,357
2025-06-05T21:00,-0.0589,-0.0589,2.36,339
2025-06-05T22:00,0.0000,-0.0556,2.31,309
2025-06-05T23:00,0.0000,0.0000,2.40,282
2025-06-06T00:00,0.0556,0.0000,2.56,266
2025-06-06T01:00,0.0556,0.0000,2.56,264
2025-06-06T02:00,0.0556,0.0000,3.17,249
2025-06-06T03:00,0.0556,0.0000,3.04,245
2025-06-06T04:00,0.0556,0.0000,3.13,253
2025-06-06T05:00,0.0000,0.0000,3.45,271
2025-06-06T06:00,-0.0556,-0.0000,4.00,296
2025-06-06T07:00,-0.0589,-0.0589,4.70,315
2025-06-06T08:00,-0.0589,-0.0589,4.90,321
2025-06-06T09:00,-0.0589,-0.0589,4.96,326
2025-06-06T10:00,-0.0589,-0.0589,5.30,334
2025-06-06T11:00,0.0000,-0.0556,5.60,347
2025-06-06T12:00,0.0000,-0.0556,5.56,356
2025-06-06T13:00,0.0000,-0.0556,5.78,23
2025-06-06T14:00,0.0556,0.0000,5.88,32
2025-06-06T15:00,0.0556,0.0000,3.96,29
2025-06-06T16:00,0.0556,0.0000,3.53,25
2025-06-06T17:00,0.0556,0.0000,2.82,23
2025-06-06T18:00,0.0000,0.0000,2.38,39
2025-06-06T19:00,0.0000,0.0000,2.39,70
2025-06-06T20:00,-0.0556,-0.0000,2.70,91
2025-06-06T21:00,-0.0556,-0.0000,2.43,104
2025-06-06T22:00,-0.0556,-0.0000,2.20,111
2025-06-06T23:00,-0.0556,-0.0000,2.10,128
2025-06-07T00:00,0.0000,0.0000,2.08,150
2025-06-07T01:00,0.0000,0.0000,2.51,125
2025-06-07T02:00,0.0000,0.0000,2.47,126
2025-06-07T03:00,0.0000,0.0000,2.20,131
2025-06-07T04:00,0.0000,0.0000,1.70,130
2025-06-07T05:00,0.0000,0.0000,1.42,122
2025-06-07T06:00,-0.0556,-0.0000,0.76,101
2025-06-07T07:00,-0.1111,-0.0000,1.04,17
2025-06-07T08:00,-0.0990,-0.0504,2.59,350
2025-06-07T09:00,-0.0990,-0.0504,3.96,344
2025-06-07T10:00,-0.0990,-0.0504,4.34,348
2025-06-07T11:00,-0.0990,-0.0504,4.20,348
2025-06-07T12:00,-0.0589,-0.0589,3.98,348
2025-06-07T13:00,0.0000,-0.0556,4.85,8
2025-06-07T14:00,0.0000,-0.0556,4.45,21
2025-06-07T15:00,0.0589,-0.0589,3.91,40
2025-06-07T16:00,0.0000,0.0000,3.77,55
2025-06-07T17:00,0.0000,0.0000,3.76,73
2025-06-07T18:00,0.0000,0.0000,3.70,81
2025-06-07T19:00,-0.0556,-0.0000,3.57,96
2025-06-07T20:00,-0.0556,-0.0000,3.38,114
2025-06-07T21:00,-0.1111,-0.0000,3.00,116
2025-06-07T22:00,-0.1111,-0.0000,2.10,93
2025-06-07T23:00,-0.1111,-0.0000,1.96,96
2025-06-08T00:00,-0.0556,-0.0000,1.88,107
2025-06-08T01:00,0.0000,0.0000,1.60,90
2025-06-08T02:00,0.0000,0.0000,1.90,117
2025-06-08T03:00,0.0000,0.0000,2.11,144
2025-06-08T04:00,0.0000,0.0000,1.50,176
2025-06-08T05:00,0.0000,0.0000,0.67,222
2025-06-08T06:00,-0.0556,-0.0000,1.11,324
2025-06-08T07:00,-0.0556,-0.0000,2.24,336
2025-06-08T08:00,-0.0990,-0.0504,3.51,340
2025-06-08T09:00,-0.0990,-0.0504,5.00,340
2025-06-08T10:00,-0.0990,-0.0504,5.06,346
2025-06-08T11:00,-0.0990,-0.0504,5.02,354
2025-06-08T12:00,-0.0589,-0.0589,5.12,356
2025-06-08T13:00,0.0000,-0.0556,5.46,3
2025-06-08T14:00,0.0000,-0.0556,5.02,10
2025-06-08T15:00,0.0589,-0.0589,3.97,31
2025-06-08T16:00,0.0556,0.0000,3.48,55
2025-06-08T17:00,0.0556,0.0000,3.65,65
2025-06-08T18:00,0.0556,0.0000,2.83,73
2025-06-08T19:00,0.0000,0.0000,2.36,73
2025-06-08T20:00,-0.0556,-0.0000,1.93,69
2025-06-08T21:00,-0.0556,-0.0000,2.26,59
2025-06-08T22:00,-0.1111,-0.0000,2.44,67
2025-06-08T23:00,-0.1111,-0.0000,2.24,66
2025-06-09T00:00,-0.0556,-0.0000,2.57,77
2025-06-09T01:00,-0.0556,-0.0000,2.99,80
2025-06-09T02:00,0.0000,0.0000,2.51,103
2025-06-09T03:00,0.0000,0.0000,2.10,118
2025-06-09T04:00,0.0000,0.0000,2.25,122
2025-06-09T05:00,0.0000,0.0000,3.13,117
2025-06-09T06:00,-0.0556,-0.0000,3.02,109
2025-06-09T07:00,-0.1111,-0.0000,2.22,82
2025-06-09T08:00,-0.1111,-0.0000,2.09,44
2025-06-09T09:00,-0.1585,-0.0515,3.51,4
2025-06-09T10:00,-0.1585,-0.0515,5.92,356
2025-06-09T11:00,-0.1585,-0.0515,6.76,3
2025-06-09T12:00,-0.0982,-0.0982,5.93,6
2025-06-09T13:00,-0.0589,-0.0589,6.59,7
2025-06-09T14:00,0.0000,-0.0556,5.87,17
2025-06-09T15:00,0.0589,-0.0589,5.25,8
2025-06-09T16:00,0.0589,-0.0589,4.43,7
2025-06-09T17:00,0.0556,0.0000,4.00,13
2025-06-09T18:00,0.0556,0.0000,2.94,21
2025-06-09T19:00,0.0556,0.0000,3.13,29
2025-06-09T20:00,0.0000,0.0000,3.39,44
2025-06-09T21:00,-0.0556,-0.0000,2.73,62
2025-06-09T22:00,-0.1111,-0.0000,3.25,80
2025-06-09T23:00,-0.1111,-0.0000,2.90,79
2025-06-10T00:00,-0.1111,-0.0000,3.28,82
2025-06-10T01:00,-0.1111,-0.0000,3.00,93
2025-06-10T02:00,-0.0556,-0.0000,2.57,98
2025-06-10T03:00,-0.0556,-0.0000,2.67,111
2025-06-10T04:00,-0.0556,-0.0000,2.98,121
2025-06-10T05:00,-0.0589,0.0589,4.34,125
2025-06-10T06:00,-0.0990,0.0504,5.08,130
2025-06-10T07:00,-0.1111,-0.0000,4.71,143
2025-06-10T08:00,-0.1111,-0.0000,2.59,155
2025-06-10T09:00,-0.1585,-0.0515,1.60,356
2025-06-10T10:00,-0.1585,-0.0515,7.40,359
2025-06-10T11:00,-0.1585,-0.0515,8.16,2
2025-06-10T12:00,-0.0990,-0.0504,5.50,8
2025-06-10T13:00,-0.0990,-0.0504,6.30,22
2025-06-10T14:00,-0.0589,-0.0589,5.58,34
2025-06-10T15:00,0.0589,-0.0589,4.70,38
2025-06-10T16:00,0.0556,0.0000,4.47,50
2025-06-10T17:00,0.0556,0.0000,3.68,44
2025-06-10T18:00,0.0556,0.0000,3.98,78
2025-06-10T19:00,0.0556,0.0000,3.80,74
2025-06-10T20:00,0.0000,0.0000,3.90,91
2025-06-10T21:00,-0.0556,-0.0000,4.16,95
2025-06-10T22:00,-0.1111,-0.0000,3.69,118
2025-06-10T23:00,-0.1111,-0.0000,3.24,99
2025-06-11T00:00,-0.1111,-0.0000,3.69,130
2025-06-11T01:00,-0.1111,-0.0000,3.43,124
2025-06-11T02:00,-0.0556,-0.0000,4.04,132
2025-06-11T03:00,-0.0556,-0.0000,3.61,138
2025-06-11T04:00,0.0000,0.0000,2.69,138
2025-06-11T05:00,0.0000,0.0000,3.36,150
2025-06-11T06:00,0.0000,0.0000,3.76,151
2025-06-11T07:00,-0.0556,-0.0000,3.15,170
2025-06-11T08:00,-0.0556,-0.0000,1.10,231
2025-06-11T09:00,-0.0990,-0.0504,3.21,339
2025-06-11T10:00,-0.1585,-0.0515,5.49,353
2025-06-11T11:00,-0.1585,-0.0515,6.80,360
2025-06-11T12:00,-0.1585,-0.0515,6.30,7
2025-06-11T13:00,-0.0990,-0.0504,6.36,16
2025-06-11T14:00,-0.0589,-0.0589,5.47,23
2025-06-11T15:00,0.0000,-0.0556,5.09,30
2025-06-11T16:00,0.0589,-0.0589,4.63,33
2025-06-11T17:00,0.0556,0.0000,3.86,56
2025-06-11T18:00,0.0556,0.0000,3.80,69
2025-06-11T19:00,0.0556,0.0000,3.80,69
2025-06-11T20:00,0.0000,0.0000,3.10,90
2025-06-11T21:00,0.0000,0.0000,3.16,119
2025-06-11T22:00,-0.0556,-0.0000,3.56,124
2025-06-11T23:00,-0.1111,-0.0000,4.32,118
2025-06-12T00:00,-0.1111,-0.0000,2.84,124
2025-06-12T01:00,-0.1111,-0.0000,2.70,109
2025-06-12T02:00,-0.1111,-0.0000,2.51,103
2025-06-12T03:00,-0.0556,-0.0000,1.85,109
2025-06-12T04:00,0.0000,0.0000,0.95,108
2025-06-12T05:00,0.0000,0.0000,0.65,23
2025-06-12T06:00,0.0000,0.0000,0.71,321
2025-06-12T07:00,0.0000,0.0000,1.22,351
2025-06-12T08:00,-0.0589,-0.0589,1.76,355
2025-06-12T09:00,-0.0589,-0.0589,3.93,353
2025-06-12T10:00,-0.0990,-0.0504,5.02,355
2025-06-12T11:00,-0.0990,-0.0504,4.75,359
2025-06-12T12:00,-0.1585,-0.0515,4.12,6
2025-06-12T13:00,-0.0990,-0.0504,4.62,16
2025-06-12T14:00,-0.0990,-0.0504,4.03,11
2025-06-12T15:00,0.0000,-0.0556,3.61,17
2025-06-12T16:00,0.0556,0.0000,2.67,30
2025-06-12T17:00,0.0556,0.0000,2.80,47
2025-06-12T18:00,0.1111,0.0000,2.23,56
2025-06-12T19:00,0.0556,0.0000,1.70,62
2025-06-12T20:00,0.0589,0.0589,1.07,53
2025-06-12T21:00,0.0000,0.0556,1.60,39
2025-06-12T22:00,0.0000,0.0000,2.09,50
2025-06-12T23:00,-0.0556,-0.0000,3.18,114
2025-06-13T00:00,-0.1111,-0.0000,3.29,123
2025-06-13T01:00,-0.1111,-0.0000,1.58,169
2025-06-13T02:00,-0.1111,-0.0000,1.82,196
2025-06-13T03:00,-0.0556,-0.0000,2.30,184
2025-06-13T04:00,0.0000,0.0000,1.41,225
2025-06-13T05:00,0.0000,0.0000,1.17,211
2025-06-13T06:00,0.0556,0.0000,1.40,305
2025-06-13T07:00,0.0000,0.0000,3.83,327
2025-06-13T08:00,0.0000,-0.0556,4.10,338
2025-06-13T09:00,-0.0589,-0.0589,4.40,343
2025-06-13T10:00,-0.0589,-0.0589,5.08,345
2025-06-13T11:00,-0.0990,-0.0504,5.27,348
2025-06-13T12:00,-0.0990,-0.0504,4.70,360
2025-06-13T13:00,-0.0990,-0.0504,4.60,8
2025-06-13T14:00,-0.0990,-0.0504,3.47,25
2025-06-13T15:00,-0.0589,-0.0589,3.01,46
2025-06-13T16:00,0.0000,0.0000,3.20,56
2025-06-13T17:00,0.1111,0.0000,3.10,59
2025-06-13T18:00,0.1111,0.0000,3.05,58
2025-06-13T19:00,0.0990,0.0504,2.87,49
2025-06-13T20:00,0.0990,0.0504,2.42,52
2025-06-13T21:00,0.0589,0.0589,1.96,75
2025-06-13T22:00,0.0000,0.0556,1.95,93
2025-06-13T23:00,0.0000,0.0000,1.30,90
2025-06-14T00:00,-0.0556,-0.0000,0.73,16
2025-06-14T01:00,-0.1111,-0.0000,0.72,326
2025-06-14T02:00,-0.1111,-0.0000,0.72,236
2025-06-14T03:00,-0.0556,-0.0000,1.74,221
2025-06-14T04:00,0.0000,0.0000,1.64,232
2025-06-14T05:00,0.0000,0.0000,1.25,196
2025-06-14T06:00,0.0000,-0.0556,3.15,350
2025-06-14T07:00,0.0000,-0.0556,3.47,353
2025-06-14T08:00,0.0000,-0.0556,3.42,354
2025-06-14T09:00,-0.0589,-0.0589,3.67,355
2025-06-14T10:00,-0.0589,-0.0589,3.86,356
2025-06-14T11:00,-0.0990,-0.0504,3.61,3
2025-06-14T12:00,-0.1585,-0.0515,3.71,27
2025-06-14T13:00,-0.1585,-0.0515,4.34,35
2025-06-14T14:00,-0.1585,-0.0515,4.20,63
2025-06-14T15:00,-0.0990,-0.0504,3.57,75
2025-06-14T16:00,-0.0589,-0.0589,4.11,64
2025-06-14T17:00,0.0000,0.0000,4.07,58
2025-06-14T18:00,0.0556,0.0000,3.70,74
2025-06-14T19:00,0.0556,0.0000,3.09,99
2025-06-14T20:00,0.0589,0.0589,2.26,95
2025-06-14T21:00,0.0589,0.0589,1.52,113
2025-06-14T22:00,0.0000,0.0000,1.31,83
2025-06-14T23:00,0.0000,0.0556,1.32,205
2025-06-15T00:00,-0.0556,-0.0000,1.56,225
2025-06-15T01:00,-0.0556,-0.0000,1.32,245
2025-06-15T02:00,-0.1111,-0.0000,1.41,207
2025-06-15T03:00,-0.1111,-0.0000,2.27,194
2025-06-15T04:00,-0.0556,-0.0000,1.82,196
2025-06-15T05:00,0.0000,0.0000,1.74,243
2025-06-15T06:00,0.0556,0.0000,3.56,290
2025-06-15T07:00,0.0556,0.0000,3.94,300
2025-06-15T08:00,0.0589,-0.0589,3.93,312
2025-06-15T09:00,0.0000,-0.0556,4.45,331
2025-06-15T10:00,0.0000,-0.0556,4.38,341
2025-06-15T11:00,-0.0589,-0.0589,4.25,351
2025-06-15T12:00,-0.0990,-0.0504,3.28,352
2025-06-15T13:00,-0.0990,-0.0504,2.39,349
2025-06-15T14:00,-0.0990,-0.0504,1.17,31
2025-06-15T15:00,-0.0990,-0.0504,1.42,80
2025-06-15T16:00,-0.0589,-0.0589,1.54,54
2025-06-15T17:00,0.0000,0.0000,3.19,40
2025-06-15T18:00,0.0556,0.0000,2.67,21
2025-06-15T19:00,0.1111,0.0000,2.10,1
2025-06-15T20:00,0.0990,0.0504,1.95,334
2025-06-15T21:00,0.0990,0.0504,1.59,311
2025-06-15T22:00,0.0589,0.0589,2.04,281
2025-06-15T23:00,0.0589,0.0589,2.41,275
2025-06-16T00:00,0.0000,0.0000,2.04,281
2025-06-16T01:00,-0.0556,-0.0000,3.07,300
2025-06-16T02:00,-0.0556,-0.0000,2.16,355
2025-06-16T03:00,-0.0556,-0.0000,1.79,18
2025-06-16T04:00,-0.0556,-0.0000,1.47,288
2025-06-16T05:00,0.0000,0.0000,2.91,274
2025-06-16T06:00,0.0589,-0.0589,4.43,297
2025-06-16T07:00,0.0589,-0.0589,4.84,315
2025-06-16T08:00,0.0589,-0.0589,5.15,320
2025-06-16T09:00,0.0589,-0.0589,5.01,343
2025-06-16T10:00,0.0000,-0.0556,4.62,347
2025-06-16T11:00,0.0000,-0.0556,4.46,3
2025-06-16T12:00,0.0000,-0.0556,4.38,14
2025-06-16T13:00,-0.0589,-0.0589,4.19,20
2025-06-16T14:00,-0.0589,-0.0589,3.91,25
2025-06-16T15:00,-0.0589,-0.0589,1.76,7
2025-06-16T16:00,0.0000,-0.0556,1.35,356
2025-06-16T17:00,0.0000,-0.0556,2.33,351
2025-06-16T18:00,0.0589,-0.0589,2.73,352
2025-06-16T19:00,0.0990,-0.0504,3.17,348
2025-06-16T20:00,0.1389,0.0000,2.83,347
2025-06-16T21:00,0.1389,0.0000,2.50,360
2025-06-16T22:00,0.1111,0.0000,2.19,349
2025-06-16T23:00,0.1111,0.0000,1.93,343
2025-06-17T00:00,0.0556,0.0000,2.26,298
2025-06-17T01:00,0.0000,0.0000,4.08,306
2025-06-17T02:00,0.0000,0.0000,3.43,326
2025-06-17T03:00,-0.0589,-0.0589,4.56,339
2025-06-17T04:00,-0.0589,-0.0589,4.90,331
2025-06-17T05:00,0.0000,-0.0556,4.92,333
2025-06-17T06:00,0.0000,-0.0556,5.44,332
2025-06-17T07:00,0.0589,-0.0589,5.95,335
2025-06-17T08:00,0.0589,-0.0589,6.42,342
2025-06-17T09:00,0.0990,-0.0504,6.58,342
2025-06-17T10:00,0.0589,-0.0589,6.76,344
2025-06-17T11:00,0.0589,-0.0589,7.53,352
2025-06-17T12:00,0.0589,-0.0589,7.06,352
2025-06-17T13:00,0.0589,-0.0589,5.74,353
2025-06-17T14:00,0.0000,-0.0556,6.39,354
2025-06-17T15:00,0.0000,-0.0556,5.86,2
2025-06-17T16:00,0.0000,-0.1111,5.46,4
2025-06-17T17:00,0.0000,-0.1111,6.15,1
2025-06-17T18:00,0.0504,-0.0990,5.61,356
2025-06-17T19:00,0.0982,-0.0982,5.12,355
2025-06-17T20:00,0.1585,-0.0515,4.41,357
2025-06-17T21:00,0.1585,-0.0515,3.29,340
2025-06-17T22:00,0.1585,-0.0515,3.97,341
2025-06-17T23:00,0.1585,-0.0515,3.91,339
2025-06-18T00:00,0.0990,-0.0504,4.92,335
2025-06-18T01:00,0.0589,-0.0589,7.10,337
2025-06-18T02:00,0.0589,-0.0589,6.80,336
2025-06-18T03:00,0.0000,-0.0556,6.07,341
2025-06-18T04:00,-0.0504,-0.0990,6.40,353
2025-06-18T05:00,-0.0504,-0.0990,6.93,355
2025-06-18T06:00,0.0000,-0.0556,6.56,353
2025-06-18T07:00,0.0589,-0.0589,6.51,349
2025-06-18T08:00,0.0589,-0.0589,6.45,350
2025-06-18T09:00,0.0589,-0.0589,7.21,345
2025-06-18T10:00,0.0589,-0.0589,7.70,341
2025-06-18T11:00,0.0589,-0.0589,7.67,343
2025-06-18T12:00,0.0000,-0.1111,8.09,345
2025-06-18T13:00,0.0000,-0.1111,8.91,348
2025-06-18T14:00,0.0000,-0.1111,8.22,352
2025-06-18T15:00,0.0000,-0.1111,7.11,350
2025-06-18T16:00,0.0000,-0.1111,7.67,348
2025-06-18T17:00,0.0000,-0.1111,7.54,349
2025-06-18T18:00,0.0504,-0.0990,6.94,345
2025-06-18T19:00,0.0982,-0.0982,6.25,342
2025-06-18T20:00,0.1585,-0.0515,5.49,345
2025-06-18T21:00,0.1585,-0.0515,4.88,345
2025-06-18T22:00,0.1585,-0.0515,4.92,345
2025-06-18T23:00,0.1585,-0.0515,5.54,340
2025-06-19T00:00,0.1585,-0.0515,6.18,336
2025-06-19T01:00,0.0990,-0.0504,5.71,330
2025-06-19T02:00,0.0990,-0.0504,4.98,326
2025-06-19T03:00,0.0589,-0.0589,4.65,332
2025-06-19T04:00,0.0589,-0.0589,5.23,333
2025-06-19T05:00,0.0000,-0.0556,6.74,343
2025-06-19T06:00,0.0000,-0.0556,7.54,338
2025-06-19T07:00,0.0000,-0.0556,7.98,334
2025-06-19T08:00,0.0589,-0.0589,8.07,332
2025-06-19T09:00,0.0990,-0.0504,7.44,330
2025-06-19T10:00,0.0990,-0.0504,6.78,331
2025-06-19T11:00,0.0990,-0.0504,6.13,338
2025-06-19T12:00,0.0589,-0.0589,5.82,339
2025-06-19T13:00,0.0589,-0.0589,7.11,346
2025-06-19T14:00,0.0589,-0.0589,5.92,346
2025-06-19T15:00,0.0589,-0.0589,4.88,349
2025-06-19T16:00,0.0000,-0.0556,4.08,349
2025-06-19T17:00,0.0000,-0.0556,3.21,345
2025-06-19T18:00,0.0000,-0.0556,3.01,324
2025-06-19T19:00,0.0589,-0.0589,4.05,321
2025-06-19T20:00,0.1111,0.0000,4.01,324
2025-06-19T21:00,0.1111,0.0000,3.23,319
2025-06-19T22:00,0.1389,0.0000,3.02,309
2025-06-19T23:00,0.1389,0.0000,3.37,302
2025-06-20T00:00,0.1585,-0.0515,4.00,298
2025-06-20T01:00,0.1585,-0.0515,4.10,313
2025-06-20T02:00,0.0990,-0.0504,4.78,317
2025-06-20T03:00,0.0990,-0.0504,4.91,322
2025-06-20T04:00,0.0589,-0.0589,5.30,322
2025-06-20T05:00,0.0589,-0.0589,6.09,324
2025-06-20T06:00,0.0000,-0.0556,6.36,320
2025-06-20T07:00,0.0000,-0.0556,7.04,315
2025-06-20T08:00,0.0589,-0.0589,7.21,316
2025-06-20T09:00,0.0589,-0.0589,7.00,317
2025-06-20T10:00,0.0990,-0.0504,6.64,320
2025-06-20T11:00,0.1585,-0.0515,5.49,325
2025-06-20T12:00,0.0990,-0.0504,4.32,342
2025-06-20T13:00,0.0990,-0.0504,4.74,352
2025-06-20T14:00,0.1111,0.0000,4.32,347
2025-06-20T15:00,0.0556,0.0000,3.87,340
2025-06-20T16:00,0.0556,0.0000,3.62,334
2025-06-20T17:00,0.0000,0.0000,3.34,330
2025-06-20T18:00,0.0000,0.0000,2.22,293
2025-06-20T19:00,0.0000,0.0000,2.11,275
2025-06-20T20:00,0.0000,0.0000,1.52,297
2025-06-20T21:00,0.0556,0.0000,1.08,338
2025-06-20T22:00,0.0556,0.0000,1.27,296
2025-06-20T23:00,0.1111,0.0000,3.30,269
2025-06-21T00:00,0.1111,0.0000,3.51,265
2025-06-21T01:00,0.1111,0.0000,3.68,278
2025-06-21T02:00,0.1111,0.0000,3.50,269
2025-06-21T03:00,0.0556,0.0000,3.18,263
2025-06-21T04:00,0.0556,0.0000,2.75,260
2025-06-21T05:00,0.0000,-0.0556,3.35,269
2025-06-21T06:00,0.0000,-0.0556,4.54,289
2025-06-21T07:00,-0.0589,-0.0589,5.64,300
2025-06-21T08:00,-0.0589,-0.0589,5.79,309
2025-06-21T09:00,-0.0589,-0.0589,5.41,322
2025-06-21T10:00,0.0000,-0.0556,5.10,333
2025-06-21T11:00,0.0589,-0.0589,4.59,340
2025-06-21T12:00,0.0589,-0.0589,3.94,352
2025-06-21T13:00,0.1111,0.0000,4.06,14
2025-06-21T14:00,0.1111,0.0000,3.62,11
2025-06-21T15:00,0.1111,0.0000,2.72,6
2025-06-21T16:00,0.1111,0.0000,2.31,355
2025-06-21T17:00,0.0556,0.0000,2.16,7
2025-06-21T18:00,0.0000,0.0000,2.41,21
2025-06-21T19:00,-0.0556,-0.0000,2.26,18
2025-06-21T20:00,-0.0556,-0.0000,1.95,359
2025-06-21T21:00,-0.0556,-0.0000,0.94,335
2025-06-21T22:00,0.0000,0.0000,0.97,215
2025-06-21T23:00,0.0000,0.0000,2.46,207
2025-06-22T00:00,0.0556,0.0000,2.87,215
2025-06-22T01:00,0.0556,0.0000,3.61,248
2025-06-22T02:00,0.0556,0.0000,4.29,263
2025-06-22T03:00,0.0556,0.0000,4.33,277
2025-06-22T04:00,0.0556,0.0000,4.07,284
2025-06-22T05:00,0.0000,0.0000,4.25,290
2025-06-22T06:00,0.0000,0.0000,4.96,296
2025-06-22T07:00,-0.0589,-0.0589,5.30,306
2025-06-22T08:00,-0.0589,-0.0589,5.83,315
2025-06-22T09:00,-0.0589,-0.0589,5.76,324
2025-06-22T10:00,-0.0589,-0.0589,5.55,334
2025-06-22T11:00,0.0000,-0.0556,5.17,340
2025-06-22T12:00,0.0589,-0.0589,4.41,347
2025-06-22T13:00,0.0990,-0.0504,3.23,19
2025-06-22T14:00,0.1111,0.0000,3.26,21
2025-06-22T15:00,0.1111,0.0000,3.64,13
2025-06-22T16:00,0.1111,0.0000,2.97,7
2025-06-22T17:00,0.0990,0.0504,3.10,360
2025-06-22T18:00,0.0589,0.0589,2.86,4
2025-06-22T19:00,0.0000,0.0000,2.02,9
2025-06-22T20:00,0.0000,0.0000,1.66,327
2025-06-22T21:00,-0.0556,-0.0000,2.03,286
2025-06-22T22:00,-0.0556,-0.0000,2.38,255
2025-06-22T23:00,0.0000,0.0000,3.01,238
2025-06-23T00:00,0.0000,0.0000,3.58,240
2025-06-23T01:00,0.0556,0.0000,3.67,255
2025-06-23T02:00,0.1111,0.0000,3.91,267
2025-06-23T03:00,0.1111,0.0000,3.81,275
2025-06-23T04:00,0.1111,0.0000,3.53,277
2025-06-23T05:00,0.0589,-0.0589,4.14,285
2025-06-23T06:00,0.0589,-0.0589,5.59,297
2025-06-23T07:00,0.0000,-0.0556,6.82,305
2025-06-23T08:00,-0.0589,-0.0589,6.76,312
2025-06-23T09:00,-0.0589,-0.0589,6.27,319
2025-06-23T10:00,-0.0504,-0.0990,5.65,324
2025-06-23T11:00,0.0000,-0.0556,4.21,330
2025-06-23T12:00,0.0589,-0.0589,3.31,335
2025-06-23T13:00,0.0990,-0.0504,3.67,15
2025-06-23T14:00,0.0990,-0.0504,3.02,24
2025-06-23T15:00,0.1389,0.0000,2.07,8
2025-06-23T16:00,0.1389,0.0000,2.07,32
2025-06-23T17:00,0.1389,0.0000,1.37,57
2025-06-23T18:00,0.1111,0.0000,1.78,10
2025-06-23T19:00,0.0589,0.0589,0.46,221
2025-06-23T20:00,0.0000,0.0000,2.75,241
2025-06-23T21:00,0.0000,0.0000,3.70,247
2025-06-23T22:00,-0.0556,-0.0000,4.07,242
2025-06-23T23:00,0.0000,0.0000,4.88,242
2025-06-24T00:00,0.0000,0.0000,4.89,250
2025-06-24T01:00,0.0556,0.0000,5.41,266
2025-06-24T02:00,0.1111,0.0000,5.81,273
2025-06-24T03:00,0.1389,0.0000,6.35,286
2025-06-24T04:00,0.1585,-0.0515,6.08,297
2025-06-24T05:00,0.0990,-0.0504,6.56,308
2025-06-24T06:00,0.0990,-0.0504,7.19,312
2025-06-24T07:00,0.0589,-0.0589,6.98,311
2025-06-24T08:00,0.0589,-0.0589,6.37,313
2025-06-24T09:00,0.0000,-0.0556,6.61,309
2025-06-24T10:00,0.0000,-0.1111,6.91,312
2025-06-24T11:00,0.0504,-0.0990,7.35,305
2025-06-24T12:00,0.0982,-0.0982,10.17,303
2025-06-24T13:00,0.1382,-0.0932,9.08,306
2025-06-24T14:00,0.1887,-0.0470,5.93,309
2025-06-24T15:00,0.1887,-0.0470,6.54,307
2025-06-24T16:00,0.2500,0.0000,6.56,325
2025-06-24T17:00,0.1944,0.0000,7.24,320
2025-06-24T18:00,0.1944,0.0000,6.08,309
2025-06-24T19:00,0.1944,0.0000,5.34,296
2025-06-24T20:00,0.1389,0.0000,5.38,280
2025-06-24T21:00,0.1111,0.0000,5.92,274
2025-06-24T22:00,0.0556,0.0000,6.27,279
2025-06-24T23:00,0.0000,-0.0556,6.62,278
2025-06-25T00:00,0.0000,-0.0556,6.45,284
2025-06-25T01:00,0.0504,-0.0990,7.44,308
2025-06-25T02:00,0.0982,-0.0982,6.83,312
2025-06-25T03:00,0.1585,-0.0515,6.58,317
2025-06-25T04:00,0.1382,-0.0932,6.83,314
2025-06-25T05:00,0.1585,-0.0515,7.21,316
2025-06-25T06:00,0.0990,-0.0504,7.72,311
2025-06-25T07:00,0.0990,-0.0504,8.07,309
2025-06-25T08:00,0.0589,-0.0589,8.47,311
2025-06-25T09:00,0.0589,-0.0589,8.48,310
2025-06-25T10:00,0.0000,-0.1111,8.93,309
2025-06-25T11:00,0.0000,-0.1111,9.57,311
2025-06-25T12:00,0.0000,-0.1111,8.41,325
2025-06-25T13:00,0.0504,-0.0990,6.49,339
2025-06-25T14:00,0.1585,-0.0515,6.20,339
2025-06-25T15:00,0.1887,-0.0470,5.62,335
2025-06-25T16:00,0.2454,-0.0477,6.34,337
2025-06-25T17:00,0.2454,-0.0477,5.39,334
2025-06-25T18:00,0.2500,0.0000,5.12,334
2025-06-25T19:00,0.1944,0.0000,4.61,323
2025-06-25T20:00,0.1389,0.0000,3.62,309
2025-06-25T21:00,0.1389,0.0000,4.45,291
2025-06-25T22:00,0.0556,0.0000,4.51,287
2025-06-25T23:00,0.0000,0.0000,3.82,284
2025-06-26T00:00,-0.0589,-0.0589,3.77,276
2025-06-26T01:00,0.0000,-0.0556,4.30,288
2025-06-26T02:00,0.0589,-0.0589,5.25,297
2025-06-26T03:00,0.0990,-0.0504,5.19,302
2025-06-26T04:00,0.1585,-0.0515,4.90,304
2025-06-26T05:00,0.1585,-0.0515,6.68,301
2025-06-26T06:00,0.1585,-0.0515,7.31,303
2025-06-26T07:00,0.0990,-0.0504,7.39,310
2025-06-26T08:00,0.0589,-0.0589,7.07,316
2025-06-26T09:00,0.0589,-0.0589,6.74,323
2025-06-26T10:00,0.0000,-0.1111,5.87,329
2025-06-26T11:00,-0.0504,-0.0990,4.91,356
2025-06-26T12:00,-0.0504,-0.0990,5.11,20
2025-06-26T13:00,-0.0504,-0.0990,5.17,4
2025-06-26T14:00,0.0000,-0.1111,4.57,5
2025-06-26T15:00,0.0589,-0.0589,3.57,6
2025-06-26T16:00,0.1585,-0.0515,1.94,348
2025-06-26T17:00,0.1585,-0.0515,3.61,357
2025-06-26T18:00,0.1585,-0.0515,4.64,349
2025-06-26T19:00,0.1389,0.0000,4.38,343
2025-06-26T20:00,0.1111,0.0000,3.96,344
2025-06-26T21:00,0.1111,0.0000,3.49,335
2025-06-26T22:00,0.0556,0.0000,2.85,329
2025-06-26T23:00,0.0000,0.0000,1.95,296
2025-06-27T00:00,-0.0556,-0.0000,2.33,261
2025-06-27T01:00,-0.1111,-0.0000,2.60,259
2025-06-27T02:00,-0.0556,-0.0000,2.66,244
2025-06-27T03:00,0.0000,0.0000,2.78,247
2025-06-27T04:00,0.0556,0.0000,2.90,267
2025-06-27T05:00,0.1111,0.0000,4.02,297
2025-06-27T06:00,0.1111,0.0000,4.21,315
2025-06-27T07:00,0.0589,-0.0589,3.91,321
2025-06-27T08:00,0.0589,-0.0589,4.46,323
2025-06-27T09:00,0.0000,-0.0556,4.68,330
2025-06-27T10:00,0.0000,-0.0556,4.43,335
2025-06-27T11:00,-0.0589,-0.0589,4.46,340
2025-06-27T12:00,-0.0990,-0.0504,4.07,349
2025-06-27T13:00,-0.0990,-0.0504,4.16,13
2025-06-27T14:00,-0.0990,-0.0504,4.35,13
2025-06-27T15:00,0.0000,-0.0556,4.04,8
2025-06-27T16:00,0.0589,-0.0589,3.26,11
2025-06-27T17:00,0.1389,0.0000,2.56,12
2025-06-27T18:00,0.1389,0.0000,4.22,17
2025-06-27T19:00,0.1389,0.0000,3.51,17
2025-06-27T20:00,0.1389,0.0000,2.57,13
2025-06-27T21:00,0.1111,0.0000,1.70,3
2025-06-27T22:00,0.0589,0.0589,0.91,351
2025-06-27T23:00,0.0589,0.0589,1.16,263
2025-06-28T00:00,-0.0556,-0.0000,2.61,253
2025-06-28T01:00,-0.0556,-0.0000,2.26,264
2025-06-28T02:00,-0.1111,-0.0000,2.47,284
2025-06-28T03:00,-0.0556,-0.0000,2.72,306
2025-06-28T04:00,0.0000,-0.0556,3.02,309
2025-06-28T05:00,0.0589,-0.0589,4.17,315
2025-06-28T06:00,0.0589,-0.0589,4.44,320
2025-06-28T07:00,0.0589,-0.0589,4.47,326
2025-06-28T08:00,0.0589,-0.0589,4.29,334
2025-06-28T09:00,0.0589,-0.0589,4.10,336
2025-06-28T10:00,0.0000,-0.0556,4.36,335
2025-06-28T11:00,-0.0589,-0.0589,4.23,339
2025-06-28T12:00,-0.0990,-0.0504,3.31,357
2025-06-28T13:00,-0.0990,-0.0504,4.47,27
2025-06-28T14:00,-0.0990,-0.0504,4.10,24
2025-06-28T15:00,-0.0589,-0.0589,2.80,31
2025-06-28T16:00,0.0000,-0.0556,1.64,38
2025-06-28T17:00,0.1111,0.0000,1.36,17
2025-06-28T18:00,0.1389,0.0000,1.19,338
2025-06-28T19:00,0.1389,0.0000,1.58,325
2025-06-28T20:00,0.1389,0.0000,1.00,323
2025-06-28T21:00,0.0990,0.0504,0.57,218
2025-06-28T22:00,0.0990,0.0504,1.44,250
2025-06-28T23:00,0.0589,0.0589,2.26,257
2025-06-29T00:00,0.0000,0.0000,2.56,258
2025-06-29T01:00,-0.0556,-0.0000,2.80,259
2025-06-29T02:00,-0.1111,-0.0000,2.80,259
2025-06-29T03:00,-0.1111,-0.0000,2.54,260
2025-06-29T04:00,-0.0556,-0.0000,2.46,276
2025-06-29T05:00,0.0000,0.0000,3.00,294
2025-06-29T06:00,0.0556,0.0000,3.80,309
2025-06-29T07:00,0.0556,0.0000,4.67,317
2025-06-29T08:00,0.0556,0.0000,5.00,319
2025-06-29T09:00,0.0556,0.0000,5.10,323
2025-06-29T10:00,0.0000,0.0000,5.33,324
2025-06-29T11:00,0.0000,0.0000,5.12,326
2025-06-29T12:00,-0.0589,-0.0589,4.05,327
2025-06-29T13:00,-0.0990,-0.0504,2.80,331
2025-06-29T14:00,-0.0990,-0.0504,1.58,342
2025-06-29T15:00,-0.0990,-0.0504,1.56,354
2025-06-29T16:00,-0.0589,-0.0589,2.11,353
2025-06-29T17:00,0.0000,-0.0556,1.93,350
2025-06-29T18:00,0.1111,0.0000,1.85,2
2025-06-29T19:00,0.1111,0.0000,1.55,327
2025-06-29T20:00,0.1389,0.0000,1.75,294
2025-06-29T21:00,0.0990,0.0504,2.14,281
2025-06-29T22:00,0.0990,0.0504,1.97,263
2025-06-29T23:00,0.0589,0.0589,1.70,223
2025-06-30T00:00,0.0000,0.0556,2.47,216
2025-06-30T01:00,0.0000,0.0556,2.30,228
2025-06-30T02:00,-0.0556,-0.0000,3.59,254
2025-06-30T03:00,-0.1111,-0.0000,2.50,244
2025-06-30T04:00,-0.1111,-0.0000,3.23,231
2025-06-30T05:00,-0.0556,-0.0000,2.30,229
2025-06-30T06:00,0.0000,0.0000,3.11,266
2025-06-30T07:00,0.0556,0.0000,4.99,298
2025-06-30T08:00,0.0556,0.0000,5.89,320
2025-06-30T09:00,0.0556,0.0000,6.11,328
2025-06-30T10:00,0.0589,-0.0589,5.40,338
2025-06-30T11:00,0.0000,-0.0556,4.48,353
2025-06-30T12:00,0.0000,-0.0556,3.83,7
2025-06-30T13:00,-0.0589,-0.0589,4.01,14
2025-06-30T14:00,-0.0589,-0.0589,2.63,21
2025-06-30T15:00,-0.0589,-0.0589,2.05,34
2025-06-30T16:00,-0.0556,-0.0000,1.80,34
2025-06-30T17:00,0.0000,-0.0556,2.08,55
2025-06-30T18:00,0.0556,0.0000,1.90,76
2025-06-30T19:00,0.1111,0.0000,0.79,145
2025-06-30T20:00,0.1111,0.0000,1.88,245
2025-06-30T21:00,0.1111,0.0000,3.78,246
2025-06-30T22:00,0.0990,0.0504,3.76,247
2025-06-30T23:00,0.0990,0.0504,3.88,248
2025-07-01T00:00,0.0589,0.0589,3.97,249
2025-07-01T01:00,0.0556,0.0000,4.90,272
2025-07-01T02:00,0.0556,0.0000,4.85,284
2025-07-01T03:00,0.0000,0.0000,4.84,290
2025-07-01T04:00,0.0000,0.0000,4.48,290
2025-07-01T05:00,0.0000,-0.0556,4.40,291
2025-07-01T06:00,0.0000,-0.0556,4.72,298
2025-07-01T07:00,0.0589,-0.0589,5.40,306
2025-07-01T08:00,0.0589,-0.0589,5.60,311
2025-07-01T09:00,0.0589,-0.0589,5.69,317
2025-07-01T10:00,0.0589,-0.0589,5.19,321
2025-07-01T11:00,0.0589,-0.0589,4.48,331
2025-07-01T12:00,0.0589,-0.0589,3.57,345
2025-07-01T13:00,0.0000,-0.0556,3.14,31
2025-07-01T14:00,-0.0589,-0.0589,2.87,40
2025-07-01T15:00,-0.0556,-0.0000,2.62,31
2025-07-01T16:00,-0.0556,-0.0000,3.25,44
2025-07-01T17:00,-0.0556,-0.0000,2.73,40
2025-07-01T18:00,0.0000,0.0000,1.97,60
2025-07-01T19:00,0.0556,0.0000,2.69,338
2025-07-01T20:00,0.1111,0.0000,3.78,317
2025-07-01T21:00,0.1111,0.0000,3.81,308
2025-07-01T22:00,0.1111,0.0000,3.78,294
2025-07-01T23:00,0.0990,-0.0504,4.40,306
2025-07-02T00:00,0.0990,-0.0504,4.74,318
2025-07-02T01:00,0.0990,-0.0504,6.85,330
2025-07-02T02:00,0.0504,-0.0990,6.92,330
2025-07-02T03:00,0.0504,-0.0990,7.27,335
2025-07-02T04:00,0.0000,-0.1111,7.37,337
2025-07-02T05:00,0.0000,-0.1111,8.38,337
2025-07-02T06:00,0.0000,-0.1111,8.21,336
2025-07-02T07:00,0.0000,-0.1111,8.09,337
2025-07-02T08:00,0.0589,-0.0589,8.22,340
2025-07-02T09:00,0.0589,-0.0589,7.94,341
2025-07-02T10:00,0.0589,-0.0589,7.07,344
2025-07-02T11:00,0.0589,-0.0589,6.57,352
2025-07-02T12:00,0.0589,-0.0589,6.19,350
2025-07-02T13:00,0.0589,-0.0589,7.46,346
2025-07-02T14:00,0.0000,-0.0556,7.23,343
2025-07-02T15:00,0.0000,-0.0556,5.52,335
2025-07-02T16:00,0.0000,-0.0556,3.94,334
2025-07-02T17:00,0.0589,-0.0589,4.10,322
2025-07-02T18:00,0.0589,-0.0589,5.58,320
2025-07-02T19:00,0.0990,-0.0504,5.59,313
2025-07-02T20:00,0.1585,-0.0515,5.25,310
2025-07-02T21:00,0.1585,-0.0515,5.22,310
2025-07-02T22:00,0.1585,-0.0515,5.34,308
2025-07-02T23:00,0.1389,0.0000,5.33,304
2025-07-03T00:00,0.1585,-0.0515,5.26,306
2025-07-03T01:00,0.0990,-0.0504,5.49,322
2025-07-03T02:00,0.0990,-0.0504,5.72,321
2025-07-03T03:00,0.0990,-0.0504,5.73,317
2025-07-03T04:00,0.0589,-0.0589,5.76,314
2025-07-03T05:00,0.0589,-0.0589,7.33,319
2025-07-03T06:00,0.0589,-0.0589,7.81,315
2025-07-03T07:00,0.0589,-0.0589,7.71,313
2025-07-03T08:00,0.0589,-0.0589,7.43,318
2025-07-03T09:00,0.0990,-0.0504,6.90,321
2025-07-03T10:00,0.0990,-0.0504,5.88,326
2025-07-03T11:00,0.0982,-0.0982,4.76,341
2025-07-03T12:00,0.0982,-0.0982,4.63,354
2025-07-03T13:00,0.0504,-0.0990,8.78,352
2025-07-03T14:00,0.0589,-0.0589,9.03,352
2025-07-03T15:00,0.0589,-0.0589,7.52,348
2025-07-03T16:00,0.0000,-0.0556,6.49,334
2025-07-03T17:00,0.0000,-0.0556,5.33,328
2025-07-03T18:00,0.0000,-0.1111,6.24,336
2025-07-03T19:00,0.0000,-0.1111,6.49,336
2025-07-03T20:00,0.0589,-0.0589,6.71,332
2025-07-03T21:00,0.0589,-0.0589,6.18,323
2025-07-03T22:00,0.0990,-0.0504,5.78,310
2025-07-03T23:00,0.0990,-0.0504,5.41,298
2025-07-04T00:00,0.0990,-0.0504,4.74,295
2025-07-04T01:00,0.0589,-0.0589,5.41,308
2025-07-04T02:00,0.0589,-0.0589,5.46,303
2025-07-04T03:00,0.0589,-0.0589,5.50,301
2025-07-04T04:00,0.0589,-0.0589,5.60,303
2025-07-04T05:00,0.0589,-0.0589,6.44,312
2025-07-04T06:00,0.0000,-0.0556,7.00,313
2025-07-04T07:00,0.0000,-0.1111,7.32,317
2025-07-04T08:00,0.0000,-0.1111,7.19,318
2025-07-04T09:00,0.0504,-0.0990,7.06,319
2025-07-04T10:00,0.0504,-0.0990,5.92,330
2025-07-04T11:00,0.0504,-0.0990,5.50,349
2025-07-04T12:00,0.0504,-0.0990,5.54,343
2025-07-04T13:00,0.0504,-0.0990,8.56,346
2025-07-04T14:00,0.0589,-0.0589,7.94,343
2025-07-04T15:00,0.0589,-0.0589,7.20,338
2025-07-04T16:00,0.0589,-0.0589,5.02,325
2025-07-04T17:00,0.0589,-0.0589,5.70,322
2025-07-04T18:00,0.0589,-0.0589,7.54,331
2025-07-04T19:00,0.0589,-0.0589,6.94,328
2025-07-04T20:00,0.0589,-0.0589,6.34,328
2025-07-04T21:00,0.0589,-0.0589,5.92,319
2025-07-04T22:00,0.0990,-0.0504,5.19,310
2025-07-04T23:00,0.0990,-0.0504,4.74,299
2025-07-05T00:00,0.0990,-0.0504,4.99,298
2025-07-05T01:00,0.0990,-0.0504,5.50,310
2025-07-05T02:00,0.0990,-0.0504,6.12,312
2025-07-05T03:00,0.0589,-0.0589,5.94,317
2025-07-05T04:00,0.0589,-0.0589,5.83,321
2025-07-05T05:00,0.0589,-0.0589,6.48,324
2025-07-05T06:00,0.0589,-0.0589,6.88,324
2025-07-05T07:00,0.0589,-0.0589,6.92,323
2025-07-05T08:00,0.0589,-0.0589,7.36,317
2025-07-05T09:00,0.0589,-0.0589,7.43,313
2025-07-05T10:00,0.0589,-0.0589,6.81,310
2025-07-05T11:00,0.0990,-0.0504,6.93,315
2025-07-05T12:00,0.0990,-0.0504,7.01,324
2025-07-05T13:00,0.1585,-0.0515,6.75,341
2025-07-05T14:00,0.1585,-0.0515,6.72,341
2025-07-05T15:00,0.1887,-0.0470,8.52,329
2025-07-05T16:00,0.1887,-0.0470,8.99,334
2025-07-05T17:00,0.1585,-0.0515,7.34,343
2025-07-05T18:00,0.0990,-0.0504,5.88,333
2025-07-05T19:00,0.0990,-0.0504,5.21,311
2025-07-05T20:00,0.0990,-0.0504,4.97,300
2025-07-05T21:00,0.0990,-0.0504,5.03,289
2025-07-05T22:00,0.0990,-0.0504,5.33,280
2025-07-05T23:00,0.0990,-0.0504,5.16,273
2025-07-06T00:00,0.0990,-0.0504,5.02,275
2025-07-06T01:00,0.0990,-0.0504,6.55,306
2025-07-06T02:00,0.0990,-0.0504,6.60,305
2025-07-06T03:00,0.0990,-0.0504,6.40,306
2025-07-06T04:00,0.0990,-0.0504,6.24,308
2025-07-06T05:00,0.0990,-0.0504,7.26,311
2025-07-06T06:00,0.0589,-0.0589,7.96,313
2025-07-06T07:00,0.0504,-0.0990,8.27,315
2025-07-06T08:00,0.0504,-0.0990,8.10,314
2025-07-06T09:00,0.0504,-0.0990,8.18,312
2025-07-06T10:00,0.0982,-0.0982,8.31,313
2025-07-06T11:00,0.0990,-0.0504,8.24,315
2025-07-06T12:00,0.1585,-0.0515,7.32,317
2025-07-06T13:00,0.1585,-0.0515,7.54,329
2025-07-06T14:00,0.1585,-0.0515,5.24,330
2025-07-06T15:00,0.1585,-0.0515,3.61,329
2025-07-06T16:00,0.1585,-0.0515,2.38,352
2025-07-06T17:00,0.1111,0.0000,1.15,5
2025-07-06T18:00,0.1111,0.0000,2.57,347
2025-07-06T19:00,0.0556,0.0000,2.55,2
2025-07-06T20:00,0.0000,0.0000,1.04,17
2025-07-06T21:00,0.0000,0.0000,1.37,237
2025-07-06T22:00,0.0000,0.0000,3.29,240
2025-07-06T23:00,0.0000,0.0000,3.69,230
2025-07-07T00:00,0.0556,0.0000,3.76,240
2025-07-07T01:00,0.0556,0.0000,3.81,253
2025-07-07T02:00,0.0589,-0.0589,4.17,251
2025-07-07T03:00,0.0589,-0.0589,4.88,257
2025-07-07T04:00,0.0589,-0.0589,4.99,277
2025-07-07T05:00,0.0589,-0.0589,6.40,298
2025-07-07T06:00,0.0589,-0.0589,6.84,308
2025-07-07T07:00,0.0589,-0.0589,6.83,312
2025-07-07T08:00,0.0000,-0.0556,6.72,314
2025-07-07T09:00,0.0000,-0.0556,6.86,313
2025-07-07T10:00,0.0589,-0.0589,6.58,313
2025-07-07T11:00,0.0589,-0.0589,6.22,314
2025-07-07T12:00,0.0990,-0.0504,6.09,318
2025-07-07T13:00,0.0990,-0.0504,5.65,309
2025-07-07T14:00,0.1389,0.0000,4.53,315
2025-07-07T15:00,0.1389,0.0000,2.85,358
2025-07-07T16:00,0.1389,0.0000,2.40,45
2025-07-07T17:00,0.1111,0.0000,2.69,66
2025-07-07T18:00,0.0556,0.0000,2.83,77
2025-07-07T19:00,0.0556,0.0000,2.94,80
2025-07-07T20:00,0.0000,0.0000,2.50,91
2025-07-07T21:00,0.0000,0.0000,1.77,130
2025-07-07T22:00,-0.0556,-0.0000,2.39,164
2025-07-07T23:00,-0.0589,0.0589,3.25,179
2025-07-08T00:00,-0.0556,-0.0000,3.65,189
2025-07-08T01:00,-0.0556,-0.0000,3.50,197
2025-07-08T02:00,0.0000,0.0000,3.23,199
2025-07-08T03:00,0.0000,0.0000,3.11,204
2025-07-08T04:00,0.0000,0.0000,2.87,211
2025-07-08T05:00,0.0000,0.0000,2.97,225
2025-07-08T06:00,0.0000,0.0000,3.67,250
2025-07-08T07:00,-0.0556,-0.0000,4.84,281
2025-07-08T08:00,-0.0589,-0.0589,5.26,309
2025-07-08T09:00,-0.0589,-0.0589,5.32,320
2025-07-08T10:00,-0.0589,-0.0589,5.16,326
2025-07-08T11:00,-0.0589,-0.0589,4.81,336
2025-07-08T12:00,-0.0589,-0.0589,4.49,348
2025-07-08T13:00,0.0000,-0.0556,3.54,23
2025-07-08T14:00,0.0556,0.0000,3.37,32
2025-07-08T15:00,0.1111,0.0000,3.79,12
2025-07-08T16:00,0.1111,0.0000,2.57,24
2025-07-08T17:00,0.0990,0.0504,2.08,35
2025-07-08T18:00,0.0990,0.0504,1.37,33
2025-07-08T19:00,0.0589,0.0589,0.85,62
2025-07-08T20:00,0.0000,0.0556,0.72,124
2025-07-08T21:00,0.0000,0.0556,0.65,203
2025-07-08T22:00,-0.0556,-0.0000,2.64,243
2025-07-08T23:00,-0.0556,-0.0000,2.62,246
2025-07-09T00:00,-0.0556,-0.0000,2.30,224
2025-07-09T01:00,-0.0556,-0.0000,2.08,243
2025-07-09T02:00,0.0000,0.0000,2.65,238
2025-07-09T03:00,0.0000,0.0000,2.74,232
2025-07-09T04:00,0.0556,0.0000,3.10,239
2025-07-09T05:00,0.0556,0.0000,3.09,245
2025-07-09T06:00,0.0000,0.0000,3.65,257
2025-07-09T07:00,0.0000,0.0000,4.25,271
2025-07-09T08:00,-0.0589,-0.0589,4.85,298
2025-07-09T09:00,-0.0589,-0.0589,4.83,320
2025-07-09T10:00,-0.0504,-0.0990,5.13,338
2025-07-09T11:00,-0.0982,-0.0982,5.33,354
2025-07-09T12:00,-0.0504,-0.0990,4.25,18
2025-07-09T13:00,-0.0589,-0.0589,5.82,30
2025-07-09T14:00,0.0000,-0.0556,5.67,35
2025-07-09T15:00,0.0556,0.0000,5.13,30
2025-07-09T16:00,0.1111,0.0000,4.59,35
2025-07-09T17:00,0.1111,0.0000,4.00,49
2025-07-09T18:00,0.1111,0.0000,3.55,100
2025-07-09T19:00,0.0556,0.0000,2.62,119
2025-07-09T20:00,0.0000,0.0556,1.73,136
2025-07-09T21:00,0.0000,0.0000,1.74,168
2025-07-09T22:00,-0.0556,-0.0000,3.19,212
2025-07-09T23:00,-0.0556,-0.0000,2.79,226
2025-07-10T00:00,-0.0556,-0.0000,3.12,212
2025-07-10T01:00,-0.0556,-0.0000,3.65,222
2025-07-10T02:00,-0.0556,-0.0000,3.48,219
2025-07-10T03:00,0.0000,0.0000,3.30,229
2025-07-10T04:00,0.0000,0.0000,3.09,231
2025-07-10T05:00,0.0556,0.0000,2.59,236
2025-07-10T06:00,0.0000,0.0000,2.33,279
2025-07-10T07:00,0.0000,0.0000,3.30,342
2025-07-10T08:00,-0.0589,-0.0589,3.75,1
2025-07-10T09:00,-0.0990,-0.0504,3.67,5
2025-07-10T10:00,-0.0990,-0.0504,3.60,2
2025-07-10T11:00,-0.1585,-0.0515,3.88,7
2025-07-10T12:00,-0.1585,-0.0515,4.08,23
2025-07-10T13:00,-0.1585,-0.0515,4.03,37
2025-07-10T14:00,-0.0589,-0.0589,4.93,40
2025-07-10T15:00,0.0000,0.0000,4.16,33
2025-07-10T16:00,0.0556,0.0000,3.57,46
2025-07-10T17:00,0.0589,0.0589,2.75,61
2025-07-10T18:00,0.0589,0.0589,2.22,82
2025-07-10T19:00,0.0589,0.0589,1.93,80
2025-07-10T20:00,0.0000,0.0556,1.80,88
2025-07-10T21:00,-0.0589,0.0589,1.96,128
2025-07-10T22:00,-0.0589,0.0589,2.00,177
2025-07-10T23:00,-0.1111,-0.0000,1.62,189
2025-07-11T00:00,-0.1111,-0.0000,2.61,192
2025-07-11T01:00,-0.1111,-0.0000,2.06,209
2025-07-11T02:00,-0.1111,-0.0000,0.57,135
2025-07-11T03:00,-0.0556,-0.0000,0.79,162
2025-07-11T04:00,0.0000,0.0000,1.10,204
2025-07-11T05:00,0.0000,0.0000,1.21,232
2025-07-11T06:00,0.0000,0.0000,2.55,293
2025-07-11T07:00,0.0000,0.0000,2.87,329
2025-07-11T08:00,-0.0556,-0.0000,3.65,341
2025-07-11T09:00,-0.0589,-0.0589,4.22,355
2025-07-11T10:00,-0.0990,-0.0504,4.70,1
2025-07-11T11:00,-0.1585,-0.0515,4.99,7
2025-07-11T12:00,-0.1585,-0.0515,5.04,14
2025-07-11T13:00,-0.0990,-0.0504,5.08,24
2025-07-11T14:00,-0.0990,-0.0504,4.62,36
2025-07-11T15:00,0.0000,-0.0556,4.18,53
2025-07-11T16:00,0.0556,0.0000,3.90,57
2025-07-11T17:00,0.1111,0.0000,3.62,62
2025-07-11T18:00,0.1111,0.0000,3.45,73
2025-07-11T19:00,0.0990,0.0504,2.30,92
2025-07-11T20:00,0.0589,0.0589,1.24,140
2025-07-11T21:00,0.0000,0.0556,0.80,180
2025-07-11T22:00,-0.0556,-0.0000,0.74,250
2025-07-11T23:00,-0.0556,-0.0000,1.10,267
2025-07-12T00:00,-0.1111,-0.0000,1.01,290
2025-07-12T01:00,-0.1111,-0.0000,1.20,315
2025-07-12T02:00,-0.1111,-0.0000,2.25,343
2025-07-12T03:00,-0.0556,-0.0000,2.78,8
2025-07-12T04:00,0.0000,0.0000,2.50,16
2025-07-12T05:00,0.0556,0.0000,2.29,11
2025-07-12T06:00,0.0556,0.0000,2.59,350
2025-07-12T07:00,0.0000,0.0000,3.67,336
2025-07-12T08:00,0.0000,0.0000,4.33,341
2025-07-12T09:00,-0.0589,-0.0589,4.36,351
2025-07-12T10:00,-0.0589,-0.0589,4.50,357
2025-07-12T11:00,-0.0982,-0.0982,5.10,1
2025-07-12T12:00,-0.0982,-0.0982,5.34,10
2025-07-12T13:00,-0.0990,-0.0504,5.19,17
2025-07-12T14:00,-0.0589,-0.0589,4.89,16
2025-07-12T15:00,0.0000,-0.0556,4.29,17
2025-07-12T16:00,0.0556,0.0000,3.58,23
2025-07-12T17:00,0.1111,0.0000,2.88,34
2025-07-12T18:00,0.1111,0.0000,2.72,47
2025-07-12T19:00,0.1111,0.0000,2.63,57
2025-07-12T20:00,0.0990,0.0504,2.45,70
2025-07-12T21:00,0.0589,0.0589,2.11,76
2025-07-12T22:00,0.0000,0.0556,2.10,89
2025-07-12T23:00,-0.0556,-0.0000,1.91,95
2025-07-13T00:00,-0.1111,-0.0000,1.76,85
2025-07-13T01:00,-0.1111,-0.0000,1.69,78
2025-07-13T02:00,-0.1111,-0.0000,1.56,83
2025-07-13T03:00,-0.0556,-0.0000,0.92,131
2025-07-13T04:00,0.0000,0.0000,1.24,194
2025-07-13T05:00,0.0556,0.0000,1.46,254
2025-07-13T06:00,0.0556,0.0000,2.31,292
2025-07-13T07:00,0.0556,0.0000,3.51,334
2025-07-13T08:00,0.0000,-0.0556,4.56,351
2025-07-13T09:00,0.0000,-0.0556,4.85,352
2025-07-13T10:00,-0.0589,-0.0589,4.92,347
2025-07-13T11:00,-0.0589,-0.0589,5.45,352
2025-07-13T12:00,-0.0982,-0.0982,6.10,0
2025-07-13T13:00,-0.0982,-0.0982,6.32,4
2025-07-13T14:00,-0.0990,-0.0504,6.19,12
2025-07-13T15:00,-0.0589,-0.0589,5.60,17
2025-07-13T16:00,0.0000,-0.0556,5.31,18
2025-07-13T17:00,0.0990,-0.0504,4.79,20
2025-07-13T18:00,0.1111,0.0000,3.77,35
2025-07-13T19:00,0.1111,0.0000,3.12,49
2025-07-13T20:00,0.1111,0.0000,3.74,67
2025-07-13T21:00,0.0556,0.0000,3.17,84
2025-07-13T22:00,0.0000,0.0000,2.76,86
2025-07-13T23:00,0.0000,0.0000,2.25,89
2025-07-14T00:00,-0.0556,-0.0000,1.46,98
2025-07-14T01:00,-0.1111,-0.0000,1.57,63
2025-07-14T02:00,-0.1111,-0.0000,1.17,350
2025-07-14T03:00,-0.0990,-0.0504,1.03,299
2025-07-14T04:00,-0.0589,-0.0589,0.68,306
2025-07-14T05:00,0.0000,-0.0556,0.80,360
2025-07-14T06:00,0.0589,-0.0589,1.37,350
2025-07-14T07:00,0.0589,-0.0589,2.23,351
2025-07-14T08:00,0.0589,-0.0589,3.63,353
2025-07-14T09:00,0.0000,-0.0556,6.17,346
2025-07-14T10:00,0.0000,-0.0556,7.09,351
2025-07-14T11:00,-0.0589,-0.0589,6.01,352
2025-07-14T12:00,-0.0982,-0.0982,6.50,358
2025-07-14T13:00,-0.0982,-0.0982,7.34,6
2025-07-14T14:00,-0.0982,-0.0982,6.26,11
2025-07-14T15:00,-0.0990,-0.0504,4.75,17
2025-07-14T16:00,-0.0589,-0.0589,3.89,24
2025-07-14T17:00,0.0589,-0.0589,3.16,29
2025-07-14T18:00,0.1111,0.0000,3.07,37
2025-07-14T19:00,0.1111,0.0000,3.44,50
2025-07-14T20:00,0.1111,0.0000,3.67,73
2025-07-14T21:00,0.0990,0.0504,3.13,83
2025-07-14T22:00,0.0589,0.0589,2.82,97
2025-07-14T23:00,0.0000,0.0000,2.68,99
2025-07-15T00:00,-0.0556,-0.0000,3.46,101
2025-07-15T01:00,-0.1111,-0.0000,3.48,97
2025-07-15T02:00,-0.1389,-0.0000,2.96,95
2025-07-15T03:00,-0.1111,-0.0000,1.96,96
2025-07-15T04:00,-0.1111,-0.0000,1.00,96
2025-07-15T05:00,-0.0589,-0.0589,0.32,342
2025-07-15T06:00,0.0000,-0.0556,3.80,321
2025-07-15T07:00,0.0589,-0.0589,5.26,331
2025-07-15T08:00,0.0589,-0.0589,5.57,342
2025-07-15T09:00,0.0589,-0.0589,5.61,352
2025-07-15T10:00,0.0000,-0.0556,5.66,356
2025-07-15T11:00,0.0000,-0.0556,6.15,2
2025-07-15T12:00,-0.0589,-0.0589,5.69,7
2025-07-15T13:00,-0.0990,-0.0504,6.10,10
2025-07-15T14:00,-0.0990,-0.0504,5.13,15
2025-07-15T15:00,-0.0990,-0.0504,3.35,17
2025-07-15T16:00,-0.0589,-0.0589,2.72,32
2025-07-15T17:00,0.0000,-0.0556,3.39,44
2025-07-15T18:00,0.0556,0.0000,2.88,39
2025-07-15T19:00,0.1111,0.0000,2.34,48
2025-07-15T20:00,0.0990,0.0504,2.15,89
2025-07-15T21:00,0.0990,0.0504,1.45,131
2025-07-15T22:00,0.0589,0.0589,0.54,112
2025-07-15T23:00,0.0589,0.0589,0.40,120
2025-07-16T00:00,0.0000,0.0556,2.15,112
2025-07-16T01:00,-0.0556,-0.0000,3.73,130
2025-07-16T02:00,-0.1111,-0.0000,2.74,142
2025-07-16T03:00,-0.1111,-0.0000,0.29,211
2025-07-16T04:00,-0.1111,-0.0000,1.19,332
2025-07-16T05:00,-0.0589,-0.0589,1.62,326
2025-07-16T06:00,0.0000,-0.0556,2.23,320
2025-07-16T07:00,0.0589,-0.0589,2.29,328
2025-07-16T08:00,0.0589,-0.0589,2.59,341
2025-07-16T09:00,0.0589,-0.0589,3.51,356
2025-07-16T10:00,0.0000,-0.0556,3.96,10
2025-07-16T11:00,0.0000,-0.0556,5.31,357
2025-07-16T12:00,-0.0589,-0.0589,6.20,350
2025-07-16T13:00,-0.0589,-0.0589,6.23,354
2025-07-16T14:00,-0.0990,-0.0504,4.83,353
2025-07-16T15:00,-0.0990,-0.0504,3.44,36
2025-07-16T16:00,-0.0990,-0.0504,3.47,67
2025-07-16T17:00,-0.0589,-0.0589,3.80,74
2025-07-16T18:00,0.0000,0.0000,3.35,91
2025-07-16T19:00,0.0556,0.0000,2.81,102
2025-07-16T20:00,0.0556,0.0000,2.71,128
2025-07-16T21:00,0.0589,0.0589,3.15,123
2025-07-16T22:00,0.0589,0.0589,3.19,140
2025-07-16T23:00,0.0589,0.0589,3.37,215
2025-07-17T00:00,0.0000,0.0556,3.55,212
2025-07-17T01:00,-0.0556,-0.0000,2.25,184
2025-07-17T02:00,-0.1111,-0.0000,2.70,182
2025-07-17T03:00,-0.1111,-0.0000,2.52,188
2025-07-17T04:00,-0.1111,-0.0000,2.19,169
2025-07-17T05:00,-0.1111,-0.0000,2.17,203
2025-07-17T06:00,-0.0556,-0.0000,2.06,186
2025-07-17T07:00,0.0000,0.0000,0.51,299
2025-07-17T08:00,0.0000,0.0000,1.41,337
2025-07-17T09:00,0.0000,0.0000,1.36,8
2025-07-17T10:00,0.0000,0.0000,1.76,355
2025-07-17T11:00,0.0000,0.0000,2.60,1
2025-07-17T12:00,-0.0589,-0.0589,3.40,17
2025-07-17T13:00,-0.0589,-0.0589,5.09,18
2025-07-17T14:00,-0.1111,-0.0000,5.11,18
2025-07-17T15:00,-0.1111,-0.0000,5.24,35
2025-07-17T16:00,-0.1585,-0.0515,6.33,51
2025-07-17T17:00,-0.1585,-0.0515,5.68,63
2025-07-17T18:00,-0.1111,-0.0000,4.43,79
2025-07-17T19:00,-0.0556,-0.0000,4.40,98
2025-07-17T20:00,0.0000,0.0000,3.87,129
2025-07-17T21:00,0.0000,0.0000,2.62,138
2025-07-17T22:00,0.0000,0.0000,3.00,147
2025-07-17T23:00,0.0000,0.0000,3.03,128
2025-07-18T00:00,0.0000,0.0000,5.03,312
2025-07-18T01:00,-0.0556,-0.0000,3.93,37
2025-07-18T02:00,-0.1111,-0.0000,3.70,71
2025-07-18T03:00,-0.1111,-0.0000,3.18,77
2025-07-18T04:00,-0.1111,-0.0000,2.54,80
2025-07-18T05:00,-0.1111,-0.0000,2.26,72
2025-07-18T06:00,-0.0990,-0.0504,1.99,62
2025-07-18T07:00,-0.1111,-0.0000,1.89,53
2025-07-18T08:00,-0.0556,-0.0000,1.88,29
2025-07-18T09:00,0.0000,0.0000,6.71,348
2025-07-18T10:00,0.0556,0.0000,6.27,349
2025-07-18T11:00,0.0000,-0.0556,6.04,354
2025-07-18T12:00,0.0000,-0.0556,5.32,5
2025-07-18T13:00,0.0000,0.0000,5.20,14
2025-07-18T14:00,0.0000,0.0000,3.87,29
2025-07-18T15:00,0.0000,0.0000,3.43,47
2025-07-18T16:00,-0.0556,-0.0000,3.61,44
2025-07-18T17:00,-0.0556,-0.0000,2.48,47
2025-07-18T18:00,-0.0556,-0.0000,1.69,12
2025-07-18T19:00,0.0000,0.0000,1.99,321
2025-07-18T20:00,0.0000,0.0000,2.50,303
2025-07-18T21:00,0.0556,0.0000,3.39,301
2025-07-18T22:00,0.0556,0.0000,3.59,321
2025-07-18T23:00,0.0556,0.0000,2.47,8
2025-07-19T00:00,0.0556,0.0000,1.80,34
2025-07-19T01:00,0.0556,0.0000,2.65,46
2025-07-19T02:00,0.0589,-0.0589,1.62,56
2025-07-19T03:00,0.0000,-0.0556,0.81,79
2025-07-19T04:00,0.0000,-0.0556,1.10,317
2025-07-19T05:00,0.0000,-0.0556,3.56,326
2025-07-19T06:00,0.0000,-0.0556,4.73,337
2025-07-19T07:00,0.0000,-0.0556,5.71,344
2025-07-19T08:00,0.0504,-0.0990,7.39,345
2025-07-19T09:00,0.0589,-0.0589,8.32,350
2025-07-19T10:00,0.0982,-0.0982,8.60,359
2025-07-19T11:00,0.0982,-0.0982,8.29,6
2025-07-19T12:00,0.0990,-0.0504,7.83,10
2025-07-19T13:00,0.0990,-0.0504,7.76,12
2025-07-19T14:00,0.0990,-0.0504,6.61,13
2025-07-19T15:00,0.0990,-0.0504,5.52,14
2025-07-19T16:00,0.0990,-0.0504,6.17,15
2025-07-19T17:00,0.0556,0.0000,5.69,18
2025-07-19T18:00,0.0000,-0.0556,5.38,30
2025-07-19T19:00,0.0000,-0.0556,3.81,34
2025-07-19T20:00,0.0000,-0.0556,3.00,11
2025-07-19T21:00,0.0589,-0.0589,3.24,335
2025-07-19T22:00,0.0589,-0.0589,3.37,339
2025-07-19T23:00,0.0990,-0.0504,2.81,321
2025-07-20T00:00,0.0990,-0.0504,3.49,289
2025-07-20T01:00,0.0589,-0.0589,3.94,294
2025-07-20T02:00,0.0589,-0.0589,3.12,286
2025-07-20T03:00,0.0589,-0.0589,2.78,284
2025-07-20T04:00,0.0589,-0.0589,3.31,297
2025-07-20T05:00,0.0000,-0.0556,4.47,310
2025-07-20T06:00,0.0000,-0.0556,4.53,315
2025-07-20T07:00,-0.0504,-0.0990,5.01,320
2025-07-20T08:00,0.0000,-0.1111,5.13,330
2025-07-20T09:00,0.0000,-0.1111,5.44,340
2025-07-20T10:00,0.0504,-0.0990,5.01,348
2025-07-20T11:00,0.0982,-0.0982,5.25,360
2025-07-20T12:00,0.0982,-0.0982,5.78,9
2025-07-20T13:00,0.0990,-0.0504,6.16,3
2025-07-20T14:00,0.0990,-0.0504,5.15,359
2025-07-20T15:00,0.1111,0.0000,5.36,356
2025-07-20T16:00,0.1111,0.0000,5.16,4
2025-07-20T17:00,0.0589,-0.0589,4.22,14
2025-07-20T18:00,0.0000,-0.0556,5.10,8
2025-07-20T19:00,0.0000,-0.0556,4.50,358
2025-07-20T20:00,-0.0589,-0.0589,4.10,347
2025-07-20T21:00,0.0000,-0.0556,3.99,338
2025-07-20T22:00,0.0000,-0.0556,3.94,320
2025-07-20T23:00,0.0589,-0.0589,3.98,305
2025-07-21T00:00,0.0589,-0.0589,3.88,305
2025-07-21T01:00,0.0589,-0.0589,4.73,321
2025-07-21T02:00,0.0589,-0.0589,4.36,323
2025-07-21T03:00,0.0589,-0.0589,3.94,333
2025-07-21T04:00,0.0589,-0.0589,4.00,347
2025-07-21T05:00,0.0000,-0.0556,3.91,350
2025-07-21T06:00,0.0000,-0.0556,4.59,344
2025-07-21T07:00,-0.0589,-0.0589,4.61,345
2025-07-21T08:00,-0.0589,-0.0589,4.73,344
2025-07-21T09:00,-0.0589,-0.0589,5.14,347
2025-07-21T10:00,0.0000,-0.0556,5.38,354
2025-07-21T11:00,0.0000,-0.0556,5.40,359
2025-07-21T12:00,0.0589,-0.0589,5.11,357
2025-07-21T13:00,0.0990,-0.0504,4.70,2
2025-07-21T14:00,0.1111,0.0000,4.43,18
2025-07-21T15:00,0.1111,0.0000,3.74,28
2025-07-21T16:00,0.1111,0.0000,2.59,19
2025-07-21T17:00,0.0990,0.0504,1.93,10
2025-07-21T18:00,0.0589,0.0589,2.21,347
2025-07-21T19:00,0.0000,0.0000,2.00,347
2025-07-21T20:00,0.0000,0.0000,1.71,353
2025-07-21T21:00,-0.0556,-0.0000,1.39,334
2025-07-21T22:00,-0.0556,-0.0000,0.30,351
2025-07-21T23:00,-0.0556,-0.0000,1.60,328
2025-07-22T00:00,0.0000,0.0000,2.06,342
2025-07-22T01:00,0.0000,0.0000,1.63,342
2025-07-22T02:00,0.0000,0.0000,3.11,356
2025-07-22T03:00,0.0000,0.0000,3.45,2
2025-07-22T04:00,0.0000,0.0000,3.45,358
2025-07-22T05:00,0.0000,0.0000,2.51,343
2025-07-22T06:00,0.0000,-0.0556,2.93,333
2025-07-22T07:00,-0.0589,-0.0589,3.69,339
2025-07-22T08:00,-0.0589,-0.0589,4.62,340
2025-07-22T09:00,-0.0990,-0.0504,6.08,338
2025-07-22T10:00,-0.0589,-0.0589,7.00,345
2025-07-22T11:00,-0.0504,-0.0990,6.66,350
2025-07-22T12:00,0.0000,-0.1111,5.21,3
2025-07-22T13:00,0.0589,-0.0589,4.66,15
2025-07-22T14:00,0.0990,-0.0504,4.45,1
2025-07-22T15:00,0.1389,0.0000,5.25,352
2025-07-22T16:00,0.1389,0.0000,4.83,354
2025-07-22T17:00,0.1389,0.0000,3.76,356
2025-07-22T18:00,0.0990,0.0504,3.31,5
2025-07-22T19:00,0.0990,0.0504,3.11,334
2025-07-22T20:00,0.0556,0.0000,3.52,330
2025-07-22T21:00,0.0000,0.0000,3.18,332
2025-07-22T22:00,-0.0556,-0.0000,3.45,321
2025-07-22T23:00,-0.0556,-0.0000,3.80,309
2025-07-23T00:00,0.0000,0.0000,3.87,294
2025-07-23T01:00,0.0000,-0.0556,3.65,306
2025-07-23T02:00,0.0589,-0.0589,4.08,310
2025-07-23T03:00,0.0589,-0.0589,4.44,310
2025-07-23T04:00,0.0589,-0.0589,4.42,314
2025-07-23T05:00,0.0589,-0.0589,4.59,322
2025-07-23T06:00,0.0589,-0.0589,4.53,326
2025-07-23T07:00,0.0589,-0.0589,4.63,332
2025-07-23T08:00,0.0000,-0.0556,5.17,335
2025-07-23T09:00,0.0000,-0.0556,5.48,332
2025-07-23T10:00,-0.0504,-0.0990,4.83,336
2025-07-23T11:00,-0.0504,-0.0990,4.03,346
2025-07-23T12:00,0.0000,-0.1111,4.66,351
2025-07-23T13:00,0.0504,-0.0990,6.06,349
2025-07-23T14:00,0.0990,-0.0504,5.48,350
2025-07-23T15:00,0.1585,-0.0515,5.33,354
2025-07-23T16:00,0.1389,0.0000,4.63,353
2025-07-23T17:00,0.1389,0.0000,4.65,352
2025-07-23T18:00,0.1389,0.0000,3.39,351
2025-07-23T19:00,0.1111,0.0000,2.44,334
2025-07-23T20:00,0.0556,0.0000,2.73,320
2025-07-23T21:00,0.0000,0.0000,2.89,284
2025-07-23T22:00,-0.0556,-0.0000,4.31,257
2025-07-23T23:00,-0.0556,-0.0000,4.31,255
2025-07-24T00:00,-0.0556,-0.0000,4.24,258
2025-07-24T01:00,0.0000,-0.0556,3.91,266
2025-07-24T02:00,0.0589,-0.0589,3.57,264
2025-07-24T03:00,0.0589,-0.0589,3.37,264
2025-07-24T04:00,0.0990,-0.0504,2.95,255
2025-07-24T05:00,0.0589,-0.0589,2.71,258
2025-07-24T06:00,0.0589,-0.0589,4.32,288
2025-07-24T07:00,0.0589,-0.0589,6.01,309
2025-07-24T08:00,0.0000,-0.0556,6.94,317
2025-07-24T09:00,-0.0589,-0.0589,6.53,325
2025-07-24T10:00,-0.0589,-0.0589,5.43,334
2025-07-24T11:00,-0.0990,-0.0504,4.04,348
2025-07-24T12:00,-0.0990,-0.0504,3.50,2
2025-07-24T13:00,-0.0589,-0.0589,4.15,1
2025-07-24T14:00,0.0589,-0.0589,3.77,355
2025-07-24T15:00,0.1111,0.0000,3.61,357
2025-07-24T16:00,0.1389,0.0000,3.45,359
2025-07-24T17:00,0.1389,0.0000,2.72,6
2025-07-24T18:00,0.1585,0.0515,2.51,13
2025-07-24T19:00,0.0990,0.0504,2.49,15
2025-07-24T20:00,0.0990,0.0504,1.52,9
2025-07-24T21:00,0.0589,0.0589,1.41,333
2025-07-24T22:00,0.0000,0.0000,2.83,291
2025-07-24T23:00,-0.0556,-0.0000,3.63,282
2025-07-25T00:00,-0.1111,-0.0000,3.52,285
2025-07-25T01:00,-0.1111,-0.0000,2.97,316
2025-07-25T02:00,-0.0556,-0.0000,2.67,339
2025-07-25T03:00,0.0000,0.0000,3.22,6
2025-07-25T04:00,0.0556,0.0000,3.84,21
2025-07-25T05:00,0.0556,0.0000,3.19,35
2025-07-25T06:00,0.0556,0.0000,2.66,28
2025-07-25T07:00,0.0000,0.0000,2.71,16
2025-07-25T08:00,0.0000,0.0000,3.55,2
2025-07-25T09:00,-0.0589,-0.0589,4.70,352
2025-07-25T10:00,-0.0990,-0.0504,5.65,347
2025-07-25T11:00,-0.0990,-0.0504,5.92,356
2025-07-25T12:00,-0.1382,-0.0932,6.17,5
2025-07-25T13:00,-0.0982,-0.0982,6.35,10
2025-07-25T14:00,-0.0589,-0.0589,6.63,9
2025-07-25T15:00,0.0589,-0.0589,5.74,17
2025-07-25T16:00,0.0990,-0.0504,5.24,21
2025-07-25T17:00,0.1389,0.0000,4.67,17
2025-07-25T18:00,0.1389,0.0000,5.01,17
2025-07-25T19:00,0.1389,0.0000,4.98,18
2025-07-25T20:00,0.1111,0.0000,4.44,19
2025-07-25T21:00,0.0556,0.0000,3.80,27
2025-07-25T22:00,-0.0556,-0.0000,3.18,30
2025-07-25T23:00,-0.1111,-0.0000,3.65,36
2025-07-26T00:00,-0.1585,-0.0515,3.68,45
2025-07-26T01:00,-0.1585,-0.0515,4.31,46
2025-07-26T02:00,-0.1585,-0.0515,4.25,58
2025-07-26T03:00,-0.0990,-0.0504,4.41,67
2025-07-26T04:00,-0.0589,-0.0589,5.02,67
2025-07-26T05:00,0.0000,0.0000,5.34,71
2025-07-26T06:00,0.0000,0.0000,4.37,66
2025-07-26T07:00,-0.0589,-0.0589,2.71,28
2025-07-26T08:00,-0.0589,-0.0589,4.55,351
2025-07-26T09:00,-0.0589,-0.0589,6.03,348
2025-07-26T10:00,-0.0990,-0.0504,7.75,340
2025-07-26T11:00,-0.0982,-0.0982,7.87,345
2025-07-26T12:00,-0.1382,-0.0932,7.73,352
2025-07-26T13:00,-0.1382,-0.0932,7.52,4
2025-07-26T14:00,-0.0982,-0.0982,6.97,11
2025-07-26T15:00,0.0000,-0.1111,5.47,18
2025-07-26T16:00,0.0589,-0.0589,4.81,17
2025-07-26T17:00,0.1111,0.0000,4.67,21
2025-07-26T18:00,0.1389,0.0000,3.93,22
2025-07-26T19:00,0.1389,0.0000,3.51,20
2025-07-26T20:00,0.1111,0.0000,2.74,15
2025-07-26T21:00,0.0556,0.0000,2.63,33
2025-07-26T22:00,0.0000,0.0000,3.07,66
2025-07-26T23:00,-0.0556,-0.0000,2.02,46
2025-07-27T00:00,-0.1111,-0.0000,1.35,59
2025-07-27T01:00,-0.1389,-0.0000,2.72,126
2025-07-27T02:00,-0.1389,-0.0000,3.30,100
2025-07-27T03:00,-0.0990,-0.0504,4.03,76
2025-07-27T04:00,-0.0556,-0.0000,3.20,65
2025-07-27T05:00,0.0000,0.0000,2.45,41
2025-07-27T06:00,0.0556,0.0000,2.67,23
2025-07-27T07:00,0.0556,0.0000,3.52,353
2025-07-27T08:00,0.0000,0.0000,4.01,346
2025-07-27T09:00,0.0000,0.0000,4.38,346
2025-07-27T10:00,-0.0589,-0.0589,5.28,345
2025-07-27T11:00,-0.0990,-0.0504,5.76,349
2025-07-27T12:00,-0.0990,-0.0504,5.75,360
2025-07-27T13:00,-0.1585,-0.0515,4.35,13
2025-07-27T14:00,-0.1382,-0.0932,4.68,10
2025-07-27T15:00,-0.0982,-0.0982,5.55,19
2025-07-27T16:00,-0.0589,-0.0589,4.58,40
2025-07-27T17:00,0.0556,0.0000,3.24,52
2025-07-27T18:00,0.1111,0.0000,2.39,57
2025-07-27T19:00,0.0990,0.0504,2.53,72
2025-07-27T20:00,0.0990,0.0504,1.50,75
2025-07-27T21:00,0.0589,0.0589,0.11,153
2025-07-27T22:00,0.0000,0.0556,1.98,135
2025-07-27T23:00,-0.0589,0.0589,2.33,121
2025-07-28T00:00,-0.0990,0.0504,3.16,95
2025-07-28T01:00,-0.1389,-0.0000,3.47,117
2025-07-28T02:00,-0.1389,-0.0000,2.02,123
2025-07-28T03:00,-0.1389,-0.0000,1.05,155
2025-07-28T04:00,-0.1111,-0.0000,0.49,246
2025-07-28T05:00,-0.0556,-0.0000,1.15,90
2025-07-28T06:00,0.0000,0.0000,1.07,332
2025-07-28T07:00,0.0000,0.0000,3.04,343
2025-07-28T08:00,0.0000,0.0000,4.41,340
2025-07-28T09:00,0.0000,0.0000,4.60,351
2025-07-28T10:00,-0.0589,-0.0589,5.01,3
2025-07-28T11:00,-0.0990,-0.0504,5.35,11
2025-07-28T12:00,-0.0990,-0.0504,5.50,17
2025-07-28T13:00,-0.1585,-0.0515,5.30,11
2025-07-28T14:00,-0.1585,-0.0515,4.80,11
2025-07-28T15:00,-0.0990,-0.0504,4.11,13
2025-07-28T16:00,-0.0589,-0.0589,3.51,17
2025-07-28T17:00,0.0000,0.0000,3.23,51
2025-07-28T18:00,0.0556,0.0000,2.58,54
2025-07-28T19:00,0.0990,0.0504,2.21,72
2025-07-28T20:00,0.0990,0.0504,2.40,36
2025-07-28T21:00,0.0589,0.0589,3.13,65
2025-07-28T22:00,0.0589,0.0589,2.57,117
2025-07-28T23:00,0.0000,0.0556,2.26,145
2025-07-29T00:00,-0.0589,0.0589,1.09,164
2025-07-29T01:00,-0.1111,-0.0000,1.14,119
2025-07-29T02:00,-0.1111,-0.0000,1.46,52
2025-07-29T03:00,-0.1111,-0.0000,2.11,85
2025-07-29T04:00,-0.1111,-0.0000,2.06,104
2025-07-29T05:00,-0.0556,-0.0000,0.85,130
2025-07-29T06:00,0.0000,0.0000,1.34,333
2025-07-29T07:00,0.0556,0.0000,2.49,345
2025-07-29T08:00,0.0556,0.0000,4.02,341
2025-07-29T09:00,0.0556,0.0000,5.80,341
2025-07-29T10:00,0.0000,0.0000,5.45,353
2025-07-29T11:00,0.0000,0.0000,5.70,360
2025-07-29T12:00,-0.0556,-0.0000,5.10,2
2025-07-29T13:00,-0.0990,-0.0504,5.01,14
2025-07-29T14:00,-0.0990,-0.0504,3.63,7
2025-07-29T15:00,-0.0990,-0.0504,3.16,23
2025-07-29T16:00,-0.0589,-0.0589,2.59,25
2025-07-29T17:00,0.0000,0.0000,2.59,19
2025-07-29T18:00,0.0556,0.0000,2.11,22
2025-07-29T19:00,0.1111,0.0000,2.02,7
2025-07-29T20:00,0.1111,0.0000,2.42,338
2025-07-29T21:00,0.1111,0.0000,3.22,324
2025-07-29T22:00,0.0556,0.0000,2.58,316
2025-07-29T23:00,0.0589,0.0589,1.29,257
2025-07-30T00:00,0.0000,0.0000,1.87,172
2025-07-30T01:00,-0.0556,-0.0000,1.97,207
2025-07-30T02:00,-0.0556,-0.0000,2.98,215
2025-07-30T03:00,-0.1111,-0.0000,2.52,231
2025-07-30T04:00,-0.0556,-0.0000,2.22,239
2025-07-30T05:00,0.0000,0.0000,2.52,236
2025-07-30T06:00,0.0556,0.0000,2.90,268
2025-07-30T07:00,0.0556,0.0000,4.05,297
2025-07-30T08:00,0.0990,-0.0504,4.39,307
2025-07-30T09:00,0.0990,-0.0504,5.17,317
2025-07-30T10:00,0.0589,-0.0589,5.27,317
2025-07-30T11:00,0.0589,-0.0589,5.37,321
2025-07-30T12:00,0.0589,-0.0589,4.62,324
2025-07-30T13:00,0.0589,-0.0589,3.25,323
2025-07-30T14:00,0.0589,-0.0589,1.31,320
2025-07-30T15:00,0.0589,-0.0589,2.00,269
2025-07-30T16:00,0.0589,-0.0589,3.13,295
2025-07-30T17:00,0.0589,-0.0589,4.50,307
2025-07-30T18:00,0.0990,-0.0504,6.10,325
2025-07-30T19:00,0.1585,-0.0515,4.76,324
2025-07-30T20:00,0.1389,0.0000,4.90,306
2025-07-30T21:00,0.1389,0.0000,4.70,303
2025-07-30T22:00,0.1585,-0.0515,4.21,298
2025-07-30T23:00,0.1111,0.0000,4.24,291
2025-07-31T00:00,0.1111,0.0000,4.43,294
2025-07-31T01:00,0.0589,-0.0589,5.10,305
2025-07-31T02:00,0.0589,-0.0589,4.02,302
2025-07-31T03:00,0.0000,-0.0556,3.86,301
2025-07-31T04:00,0.0000,-0.0556,4.32,300
2025-07-31T05:00,0.0000,-0.0556,5.48,308
2025-07-31T06:00,0.0589,-0.0589,5.92,319
2025-07-31T07:00,0.0990,-0.0504,5.70,332
2025-07-31T08:00,0.0990,-0.0504,6.22,343
2025-07-31T09:00,0.0982,-0.0982,9.09,352
2025-07-31T10:00,0.0982,-0.0982,10.48,353
2025-07-31T11:00,0.0982,-0.0982,10.83,350
2025-07-31T12:00,0.0982,-0.0982,9.75,350
2025-07-31T13:00,0.0990,-0.0504,9.08,349
2025-07-31T14:00,0.0990,-0.0504,7.91,342
2025-07-31T15:00,0.0990,-0.0504,7.77,339
2025-07-31T16:00,0.0589,-0.0589,7.03,339
2025-07-31T17:00,0.0990,-0.0504,5.77,341
2025-07-31T18:00,0.0990,-0.0504,4.34,348
2025-07-31T19:00,0.0990,-0.0504,4.70,343
2025-07-31T20:00,0.0990,-0.0504,3.99,338
2025-07-31T21:00,0.0990,-0.0504,3.91,339
2025-07-31T22:00,0.0990,-0.0504,3.61,343
2025-07-31T23:00,0.0556,0.0000,3.42,348
2025-08-01T00:00,0.0589,-0.0589,3.67,355
2025-08-01T01:00,0.0000,-0.0556,4.27,350
2025-08-01T02:00,0.0000,-0.0556,3.70,358
2025-08-01T03:00,-0.0589,-0.0589,3.78,342
2025-08-01T04:00,-0.0504,-0.0990,4.06,356
2025-08-01T05:00,-0.0504,-0.0990,4.69,349
2025-08-01T06:00,0.0000,-0.1111,5.37,348
2025-08-01T07:00,0.0000,-0.1111,6.28,349
2025-08-01T08:00,0.0504,-0.0990,6.89,354
2025-08-01T09:00,0.0589,-0.0589,6.95,360
2025-08-01T10:00,0.0504,-0.0990,7.26,4
2025-08-01T11:00,0.0504,-0.0990,7.80,1
2025-08-01T12:00,0.0589,-0.0589,7.46,3
2025-08-01T13:00,0.0589,-0.0589,6.22,26
2025-08-01T14:00,0.0589,-0.0589,6.01,357
2025-08-01T15:00,0.0589,-0.0589,5.75,349
2025-08-01T16:00,0.0589,-0.0589,5.65,347
2025-08-01T17:00,0.0589,-0.0589,4.79,353
2025-08-01T18:00,0.0589,-0.0589,4.66,351
2025-08-01T19:00,0.0556,0.0000,4.66,337
2025-08-01T20:00,0.1111,0.0000,4.47,338
2025-08-01T21:00,0.1111,0.0000,4.01,336
2025-08-01T22:00,0.1111,0.0000,2.97,333
2025-08-01T23:00,0.0556,0.0000,0.96,47
2025-08-02T00:00,0.0000,0.0000,3.96,43
2025-08-02T01:00,0.0000,0.0000,3.01,4
2025-08-02T02:00,0.0000,0.0000,3.67,24
2025-08-02T03:00,-0.0556,-0.0000,4.18,37
2025-08-02T04:00,-0.0589,-0.0589,4.70,38
2025-08-02T05:00,-0.0990,-0.0504,4.77,35
2025-08-02T06:00,-0.0589,-0.0589,4.66,30
2025-08-02T07:00,-0.0589,-0.0589,4.57,23
2025-08-02T08:00,-0.0589,-0.0589,4.88,11
2025-08-02T09:00,0.0000,-0.0556,6.32,355
2025-08-02T10:00,0.0000,-0.0556,6.35,358
2025-08-02T11:00,0.0000,-0.0556,6.66,3
2025-08-02T12:00,0.0589,-0.0589,6.84,9
2025-08-02T13:00,0.0000,-0.0556,6.58,6
2025-08-02T14:00,0.0000,-0.0556,6.54,6
2025-08-02T15:00,0.0000,-0.0556,5.98,9
2025-08-02T16:00,0.0000,-0.0556,4.86,17
2025-08-02T17:00,0.0000,-0.0556,5.99,18
2025-08-02T18:00,-0.0589,-0.0589,6.04,26
2025-08-02T19:00,-0.0556,-0.0000,4.70,25
2025-08-02T20:00,0.0000,0.0000,3.75,19
2025-08-02T21:00,0.0000,0.0000,2.52,41
2025-08-02T22:00,0.0000,0.0000,1.34,27
2025-08-02T23:00,0.0000,0.0000,2.90,360
2025-08-03T00:00,0.0000,0.0000,3.15,15
2025-08-03T01:00,-0.0556,-0.0000,3.07,37
2025-08-03T02:00,-0.0556,-0.0000,1.95,42
2025-08-03T03:00,-0.0556,-0.0000,1.88,29
2025-08-03T04:00,-0.0589,-0.0589,2.05,359
2025-08-03T05:00,-0.0589,-0.0589,2.43,352
2025-08-03T06:00,-0.0589,-0.0589,3.83,338
2025-08-03T07:00,-0.0589,-0.0589,4.30,335
2025-08-03T08:00,-0.0589,-0.0589,4.72,336
2025-08-03T09:00,0.0000,-0.0556,4.95,337
2025-08-03T10:00,0.0000,-0.0556,5.13,338
2025-08-03T11:00,0.0589,-0.0589,5.38,340
2025-08-03T12:00,0.0589,-0.0589,5.39,343
2025-08-03T13:00,0.0589,-0.0589,5.41,356
2025-08-03T14:00,0.0589,-0.0589,4.45,8
2025-08-03T15:00,0.0556,0.0000,3.58,27
2025-08-03T16:00,0.0556,0.0000,1.94,35
2025-08-03T17:00,0.0589,0.0589,1.10,355
2025-08-03T18:00,0.0556,0.0000,2.17,331
2025-08-03T19:00,0.0000,0.0000,3.10,329
2025-08-03T20:00,0.0000,0.0000,3.21,329
2025-08-03T21:00,0.0000,0.0000,3.94,320
2025-08-03T22:00,0.0000,0.0000,4.02,322
2025-08-03T23:00,0.0589,-0.0589,4.02,325
2025-08-04T00:00,0.0000,-0.0556,3.63,322
2025-08-04T01:00,0.0000,-0.0556,4.27,342
2025-08-04T02:00,0.0000,-0.0556,4.09,352
2025-08-04T03:00,0.0000,-0.0556,3.88,7
2025-08-04T04:00,0.0000,-0.0556,4.01,10
2025-08-04T05:00,-0.0589,-0.0589,3.20,2
2025-08-04T06:00,-0.0589,-0.0589,3.21,356
2025-08-04T07:00,-0.0589,-0.0589,4.12,354
2025-08-04T08:00,-0.0589,-0.0589,4.35,2
2025-08-04T09:00,-0.0589,-0.0589,4.46,4
2025-08-04T10:00,0.0000,-0.0556,5.05,1
2025-08-04T11:00,0.0000,-0.0556,5.62,5
2025-08-04T12:00,0.0589,-0.0589,5.59,7
2025-08-04T13:00,0.0589,-0.0589,6.00,13
2025-08-04T14:00,0.0556,0.0000,5.69,23
2025-08-04T15:00,0.0556,0.0000,5.11,31
2025-08-04T16:00,0.0556,0.0000,3.98,27
2025-08-04T17:00,0.0556,0.0000,3.97,19
2025-08-04T18:00,0.0000,0.0000,4.04,12
2025-08-04T19:00,0.0000,0.0000,3.47,15
2025-08-04T20:00,-0.0556,-0.0000,3.34,58
2025-08-04T21:00,-0.0556,-0.0000,2.33,59
2025-08-04T22:00,-0.0556,-0.0000,1.67,49
2025-08-04T23:00,-0.0556,-0.0000,1.36,82
2025-08-05T00:00,-0.0556,-0.0000,1.72,64
2025-08-05T01:00,-0.0556,-0.0000,2.87,59
2025-08-05T02:00,-0.0556,-0.0000,2.86,57
2025-08-05T03:00,-0.0556,-0.0000,2.54,54
2025-08-05T04:00,-0.0556,-0.0000,2.34,79
2025-08-05T05:00,-0.0556,-0.0000,2.47,111
2025-08-05T06:00,-0.0990,0.0504,2.66,154
2025-08-05T07:00,-0.0990,0.0504,3.73,188
2025-08-05T08:00,-0.1111,-0.0000,3.81,203
2025-08-05T09:00,-0.0589,-0.0589,2.26,242
2025-08-05T10:00,-0.0589,-0.0589,3.02,331
2025-08-05T11:00,-0.0589,-0.0589,4.88,354
2025-08-05T12:00,0.0000,-0.0556,5.81,4
2025-08-05T13:00,0.0000,-0.0556,6.04,14
2025-08-05T14:00,0.0589,-0.0589,5.62,29
2025-08-05T15:00,0.0556,0.0000,5.65,31
2025-08-05T16:00,0.0556,0.0000,4.37,39
2025-08-05T17:00,0.0589,0.0589,4.30,40
2025-08-05T18:00,0.0589,0.0589,3.16,49
2025-08-05T19:00,0.0000,0.0556,3.07,78
2025-08-05T20:00,-0.0556,-0.0000,3.32,78
2025-08-05T21:00,-0.0556,-0.0000,3.49,82
2025-08-05T22:00,-0.1111,-0.0000,3.06,95
2025-08-05T23:00,-0.1111,-0.0000,2.63,104
2025-08-06T00:00,-0.0556,-0.0000,2.56,129
2025-08-06T01:00,-0.0556,-0.0000,3.45,182
2025-08-06T02:00,0.0000,0.0000,3.50,182
2025-08-06T03:00,0.0000,0.0000,3.49,171
2025-08-06T04:00,0.0000,0.0000,3.02,168
2025-08-06T05:00,0.0000,0.0000,3.18,156
2025-08-06T06:00,0.0000,0.0000,3.30,145
2025-08-06T07:00,-0.0589,0.0589,3.53,159
2025-08-06T08:00,-0.0589,0.0589,3.69,171
2025-08-06T09:00,-0.0556,-0.0000,3.40,181
2025-08-06T10:00,-0.0556,-0.0000,1.64,200
2025-08-06T11:00,-0.0589,-0.0589,2.47,353
2025-08-06T12:00,-0.0589,-0.0589,4.60,1
2025-08-06T13:00,0.0000,-0.0556,5.99,22
2025-08-06T14:00,0.0000,-0.0556,5.42,49
2025-08-06T15:00,0.0589,-0.0589,5.88,52
2025-08-06T16:00,0.0556,0.0000,4.92,69
2025-08-06T17:00,0.0589,0.0589,4.52,65
2025-08-06T18:00,0.0000,0.0556,3.83,73
2025-08-06T19:00,0.0000,0.0000,4.02,73
2025-08-06T20:00,-0.0589,0.0589,3.95,81
2025-08-06T21:00,-0.0990,0.0504,3.46,94
2025-08-06T22:00,-0.1111,-0.0000,3.59,106
2025-08-06T23:00,-0.1111,-0.0000,3.80,118
2025-08-07T00:00,-0.1111,-0.0000,3.69,144
2025-08-07T01:00,-0.1111,-0.0000,3.68,172
2025-08-07T02:00,-0.0556,-0.0000,3.41,177
2025-08-07T03:00,-0.0556,-0.0000,3.45,178
2025-08-07T04:00,-0.0556,-0.0000,2.87,174
2025-08-07T05:00,0.0000,0.0000,3.44,171
2025-08-07T06:00,-0.0556,-0.0000,3.95,171
2025-08-07T07:00,-0.0556,-0.0000,4.24,165
2025-08-07T08:00,-0.1111,-0.0000,3.42,155
2025-08-07T09:00,-0.1111,-0.0000,1.45,134
2025-08-07T10:00,-0.0990,-0.0504,1.75,13
2025-08-07T11:00,-0.0990,-0.0504,4.70,359
2025-08-07T12:00,-0.0589,-0.0589,5.85,353
2025-08-07T13:00,-0.0589,-0.0589,5.71,4
2025-08-07T14:00,0.0000,-0.0556,5.28,17
2025-08-07T15:00,0.0556,0.0000,5.02,35
2025-08-07T16:00,0.0556,0.0000,5.15,60
2025-08-07T17:00,0.0556,0.0000,6.56,66
2025-08-07T18:00,0.0556,0.0000,5.61,64
2025-08-07T19:00,0.0000,0.0556,4.62,70
2025-08-07T20:00,-0.0589,0.0589,3.95,89
2025-08-07T21:00,-0.0990,0.0504,3.31,105
2025-08-07T22:00,-0.1585,0.0515,3.40,120
2025-08-07T23:00,-0.1585,0.0515,4.36,139
2025-08-08T00:00,-0.1389,-0.0000,3.96,136
2025-08-08T01:00,-0.1389,-0.0000,3.86,132
2025-08-08T02:00,-0.1111,-0.0000,3.59,141
2025-08-08T03:00,-0.0556,-0.0000,3.50,143
2025-08-08T04:00,-0.0589,0.0589,3.15,133
2025-08-08T05:00,0.0000,0.0556,4.06,142
2025-08-08T06:00,0.0000,0.0556,4.60,168
2025-08-08T07:00,-0.0589,0.0589,4.48,186
2025-08-08T08:00,-0.0589,0.0589,3.78,198
2025-08-08T09:00,-0.1111,-0.0000,2.24,219
2025-08-08T10:00,-0.1111,-0.0000,1.57,307
2025-08-08T11:00,-0.1585,-0.0515,4.17,354
2025-08-08T12:00,-0.1585,-0.0515,5.64,353
2025-08-08T13:00,-0.0990,-0.0504,5.12,4
2025-08-08T14:00,-0.0589,-0.0589,5.89,29
2025-08-08T15:00,0.0000,-0.0556,6.02,48
2025-08-08T16:00,0.0556,0.0000,5.53,66
2025-08-08T17:00,0.0556,0.0000,5.41,71
2025-08-08T18:00,0.0589,0.0589,5.07,80
2025-08-08T19:00,0.0000,0.0556,5.05,89
2025-08-08T20:00,-0.0589,0.0589,4.75,89
2025-08-08T21:00,-0.0990,0.0504,5.36,104
2025-08-08T22:00,-0.1585,0.0515,5.20,113
2025-08-08T23:00,-0.1585,0.0515,5.19,119
2025-08-09T00:00,-0.1944,-0.0000,5.21,127
2025-08-09T01:00,-0.1389,-0.0000,4.32,153
2025-08-09T02:00,-0.1111,-0.0000,4.00,167
2025-08-09T03:00,-0.0556,-0.0000,3.85,180
2025-08-09T04:00,0.0000,0.0000,2.76,185
2025-08-09T05:00,0.0000,0.0000,0.86,126
2025-08-09T06:00,0.0000,0.0000,2.00,58
2025-08-09T07:00,0.0000,0.0000,1.58,72
2025-08-09T08:00,-0.0556,-0.0000,0.72,25
2025-08-09T09:00,-0.1111,-0.0000,1.91,354
2025-08-09T10:00,-0.1585,-0.0515,3.82,5
2025-08-09T11:00,-0.1585,-0.0515,4.66,9
2025-08-09T12:00,-0.1382,-0.0932,5.11,3
2025-08-09T13:00,-0.1382,-0.0932,4.71,15
2025-08-09T14:00,-0.0589,-0.0589,4.55,19
2025-08-09T15:00,0.0000,-0.0556,4.65,27
2025-08-09T16:00,0.0589,-0.0589,4.44,34
2025-08-09T17:00,0.0556,0.0000,5.09,43
2025-08-09T18:00,0.1111,0.0000,5.53,53
2025-08-09T19:00,0.0556,0.0000,3.97,71
2025-08-09T20:00,0.0000,0.0556,3.86,73
2025-08-09T21:00,-0.0589,0.0589,3.67,95
2025-08-09T22:00,-0.1111,-0.0000,2.93,136
2025-08-09T23:00,-0.1111,-0.0000,2.65,126
2025-08-10T00:00,-0.1389,-0.0000,3.00,114
2025-08-10T01:00,-0.1389,-0.0000,2.60,101
2025-08-10T02:00,-0.1111,-0.0000,2.34,101
2025-08-10T03:00,-0.0556,-0.0000,2.38,105
2025-08-10T04:00,0.0000,0.0000,1.98,133
2025-08-10T05:00,0.0556,0.0000,2.70,169
2025-08-10T06:00,0.0556,0.0000,4.03,187
2025-08-10T07:00,0.0556,0.0000,5.01,194
2025-08-10T08:00,0.0000,0.0000,4.70,207
2025-08-10T09:00,0.0000,0.0000,3.08,228
2025-08-10T10:00,-0.0589,-0.0589,1.77,313
2025-08-10T11:00,-0.1585,-0.0515,5.61,3
2025-08-10T12:00,-0.1585,-0.0515,6.45,353
2025-08-10T13:00,-0.1585,-0.0515,7.10,7
2025-08-10T14:00,-0.0990,-0.0504,6.34,19
2025-08-10T15:00,0.0000,-0.0556,6.17,55
2025-08-10T16:00,0.0556,0.0000,5.69,59
2025-08-10T17:00,0.1111,0.0000,4.27,66
2025-08-10T18:00,0.1111,0.0000,4.16,87
2025-08-10T19:00,0.0589,0.0589,4.13,83
2025-08-10T20:00,0.0589,0.0589,4.65,88
2025-08-10T21:00,0.0000,0.0556,4.38,101
2025-08-10T22:00,-0.0589,0.0589,4.28,120
2025-08-10T23:00,-0.0990,0.0504,4.58,130
2025-08-11T00:00,-0.1585,0.0515,5.01,140
2025-08-11T01:00,-0.1389,-0.0000,5.11,168
2025-08-11T02:00,-0.1389,-0.0000,4.99,173
2025-08-11T03:00,-0.1111,-0.0000,4.74,172
2025-08-11T04:00,0.0000,0.0000,4.21,175
2025-08-11T05:00,0.0000,0.0000,4.83,173
2025-08-11T06:00,0.0589,0.0589,4.92,175
2025-08-11T07:00,0.0000,0.0556,4.95,178
2025-08-11T08:00,0.0000,0.0556,4.45,178
2025-08-11T09:00,-0.0589,0.0589,3.35,178
2025-08-11T10:00,-0.0990,-0.0504,0.81,187
2025-08-11T11:00,-0.1585,-0.0515,3.35,3
2025-08-11T12:00,-0.1585,-0.0515,6.35,10
2025-08-11T13:00,-0.1382,-0.0932,6.89,28
2025-08-11T14:00,-0.1585,-0.0515,5.76,36
2025-08-11T15:00,-0.0990,-0.0504,5.59,44
2025-08-11T16:00,0.0000,-0.0556,5.16,58
2025-08-11T17:00,0.0556,0.0000,5.51,66
2025-08-11T18:00,0.0556,0.0000,4.61,66
2025-08-11T19:00,0.0556,0.0000,4.60,89
2025-08-11T20:00,0.0589,0.0589,4.63,96
2025-08-11T21:00,0.0000,0.0556,4.80,104
2025-08-11T22:00,-0.0589,0.0589,4.70,114
2025-08-11T23:00,-0.0990,0.0504,4.53,127
2025-08-12T00:00,-0.1389,-0.0000,4.09,152
2025-08-12T01:00,-0.1944,-0.0000,4.00,164
2025-08-12T02:00,-0.1389,-0.0000,3.92,166
2025-08-12T03:00,-0.1389,-0.0000,3.55,166
2025-08-12T04:00,-0.0556,-0.0000,2.60,178
2025-08-12T05:00,0.0000,0.0000,2.77,193
2025-08-12T06:00,0.0556,0.0000,2.57,193
2025-08-12T07:00,0.0589,0.0589,2.56,201
2025-08-12T08:00,0.0556,0.0000,1.66,224
2025-08-12T09:00,0.0000,0.0000,1.74,319
2025-08-12T10:00,-0.0556,-0.0000,4.64,349
2025-08-12T11:00,-0.0589,-0.0589,5.76,352
2025-08-12T12:00,-0.0990,-0.0504,5.71,356
2025-08-12T13:00,-0.1585,-0.0515,5.15,2
2025-08-12T14:00,-0.1585,-0.0515,4.96,15
2025-08-12T15:00,-0.0990,-0.0504,3.99,24
2025-08-12T16:00,-0.0589,-0.0589,3.31,34
2025-08-12T17:00,0.0556,0.0000,2.84,62
2025-08-12T18:00,0.1111,0.0000,2.65,90
2025-08-12T19:00,0.0990,0.0504,2.45,102
2025-08-12T20:00,0.0990,0.0504,3.11,132
2025-08-12T21:00,0.0589,0.0589,3.56,146
2025-08-12T22:00,0.0000,0.0556,0.95,87
2025-08-12T23:00,-0.0556,-0.0000,1.05,115
2025-08-13T00:00,-0.1111,-0.0000,3.05,157
2025-08-13T01:00,-0.1111,-0.0000,2.43,171
2025-08-13T02:00,-0.1389,-0.0000,1.57,207
2025-08-13T03:00,-0.1111,-0.0000,1.35,228
2025-08-13T04:00,-0.0556,-0.0000,1.59,221
2025-08-13T05:00,0.0000,0.0000,2.32,217
2025-08-13T06:00,0.0556,0.0000,2.45,237
2025-08-13T07:00,0.1111,0.0000,2.25,273
2025-08-13T08:00,0.1111,0.0000,2.70,304
2025-08-13T09:00,0.1111,0.0000,3.91,325
2025-08-13T10:00,0.0556,0.0000,4.74,335
2025-08-13T11:00,0.0000,0.0000,5.30,349
2025-08-13T12:00,-0.0556,-0.0000,4.98,354
2025-08-13T13:00,-0.0990,-0.0504,4.11,4
2025-08-13T14:00,-0.0990,-0.0504,3.16,23
2025-08-13T15:00,-0.0990,-0.0504,2.42,52
2025-08-13T16:00,-0.0556,-0.0000,2.58,75
2025-08-13T17:00,0.0000,0.0000,1.83,79
2025-08-13T18:00,0.0556,0.0000,1.77,106
2025-08-13T19:00,0.0990,0.0504,2.28,128
2025-08-13T20:00,0.0990,0.0504,3.01,144
2025-08-13T21:00,0.0589,0.0589,2.62,156
2025-08-13T22:00,0.0000,0.0556,3.13,172
2025-08-13T23:00,0.0000,0.0000,3.26,191
2025-08-14T00:00,-0.0556,-0.0000,3.47,210
2025-08-14T01:00,-0.1111,-0.0000,3.59,235
2025-08-14T02:00,-0.1111,-0.0000,2.83,257
2025-08-14T03:00,-0.0990,-0.0504,2.10,298
2025-08-14T04:00,-0.0990,-0.0504,1.66,286
2025-08-14T05:00,0.0000,-0.0556,1.91,264
2025-08-14T06:00,0.0589,-0.0589,2.69,280
2025-08-14T07:00,0.1111,0.0000,3.47,300
2025-08-14T08:00,0.1111,0.0000,4.18,319
2025-08-14T09:00,0.0990,-0.0504,3.49,336
2025-08-14T10:00,0.0990,-0.0504,3.49,347
2025-08-14T11:00,0.0589,-0.0589,3.01,339
2025-08-14T12:00,0.0000,-0.0556,3.62,349
2025-08-14T13:00,0.0000,-0.0556,4.07,6
2025-08-14T14:00,-0.0556,-0.0000,4.77,24
2025-08-14T15:00,-0.0556,-0.0000,4.00,26
2025-08-14T16:00,-0.0556,-0.0000,3.29,42
2025-08-14T17:00,0.0000,0.0000,3.18,57
2025-08-14T18:00,0.0556,0.0000,2.67,52
2025-08-14T19:00,0.0556,0.0000,1.98,47
2025-08-14T20:00,0.1111,0.0000,1.83,55
2025-08-14T21:00,0.0556,0.0000,1.84,68
2025-08-14T22:00,0.0556,0.0000,1.32,81
2025-08-14T23:00,0.0000,0.0000,1.68,67
2025-08-15T00:00,0.0000,0.0000,1.87,70
2025-08-15T01:00,-0.0556,-0.0000,2.60,67
2025-08-15T02:00,-0.1111,-0.0000,2.80,50
2025-08-15T03:00,-0.1111,-0.0000,3.16,49
2025-08-15T04:00,-0.0990,-0.0504,3.46,59
2025-08-15T05:00,-0.0990,-0.0504,3.81,73
2025-08-15T06:00,-0.0589,-0.0589,3.06,85
2025-08-15T07:00,0.0000,0.0000,2.95,87
2025-08-15T08:00,0.0556,0.0000,2.28,67
2025-08-15T09:00,0.0589,-0.0589,3.46,5
2025-08-15T10:00,0.0589,-0.0589,7.01,357
2025-08-15T11:00,0.0000,-0.0556,6.52,4
2025-08-15T12:00,0.0000,-0.0556,6.30,7
2025-08-15T13:00,-0.0589,-0.0589,7.16,15
2025-08-15T14:00,-0.0589,-0.0589,5.90,22
2025-08-15T15:00,-0.0589,-0.0589,5.51,21
2025-08-15T16:00,-0.0990,-0.0504,5.13,24
2025-08-15T17:00,-0.0589,-0.0589,4.43,27
2025-08-15T18:00,0.0000,-0.0556,3.40,33
2025-08-15T19:00,0.0556,0.0000,3.05,32
2025-08-15T20:00,0.0556,0.0000,2.83,32
2025-08-15T21:00,0.1111,0.0000,2.99,21
2025-08-15T22:00,0.0556,0.0000,2.53,25
2025-08-15T23:00,0.0556,0.0000,2.12,47
2025-08-16T00:00,0.0000,0.0000,2.04,59
2025-08-16T01:00,0.0000,0.0000,1.85,52
2025-08-16T02:00,-0.0556,-0.0000,2.26,77
2025-08-16T03:00,-0.0589,-0.0589,2.04,65
2025-08-16T04:00,-0.0990,-0.0504,1.96,32
2025-08-16T05:00,-0.0589,-0.0589,2.91,63
2025-08-16T06:00,-0.0589,-0.0589,4.03,70
2025-08-16T07:00,0.0000,-0.0556,4.90,73
2025-08-16T08:00,0.0589,-0.0589,5.04,66
2025-08-16T09:00,0.0589,-0.0589,5.12,51
2025-08-16T10:00,0.0589,-0.0589,6.40,32
2025-08-16T11:00,0.0589,-0.0589,7.81,22
2025-08-16T12:00,0.0000,-0.0556,8.52,22
2025-08-16T13:00,-0.0589,-0.0589,8.84,35
2025-08-16T14:00,-0.0589,-0.0589,7.70,40
2025-08-16T15:00,-0.0589,-0.0589,6.87,48
2025-08-16T16:00,-0.0990,-0.0504,6.33,59
2025-08-16T17:00,-0.0990,-0.0504,6.96,72
2025-08-16T18:00,-0.0990,-0.0504,7.42,82
2025-08-16T19:00,-0.1111,-0.0000,6.90,89
2025-08-16T20:00,-0.0556,-0.0000,6.15,90
2025-08-16T21:00,0.0000,0.0000,5.15,92
2025-08-16T22:00,0.0000,0.0000,4.54,98
2025-08-16T23:00,0.0000,0.0000,4.06,120
2025-08-17T00:00,0.0000,0.0000,3.75,133
2025-08-17T01:00,-0.0556,-0.0000,3.10,142
2025-08-17T02:00,-0.0556,-0.0000,1.70,133
2025-08-17T03:00,-0.0556,-0.0000,3.75,31
2025-08-17T04:00,-0.0556,-0.0000,2.48,56
2025-08-17T05:00,-0.0556,-0.0000,1.89,58
2025-08-17T06:00,-0.0589,-0.0589,2.13,49
2025-08-17T07:00,-0.0589,-0.0589,2.26,35
2025-08-17T08:00,0.0000,-0.0556,2.71,23
2025-08-17T09:00,0.0589,-0.0589,3.95,13
2025-08-17T10:00,0.0589,-0.0589,5.41,4
2025-08-17T11:00,0.0589,-0.0589,6.00,1
2025-08-17T12:00,0.0589,-0.0589,6.07,5
2025-08-17T13:00,0.0589,-0.0589,6.54,14
2025-08-17T14:00,0.0000,-0.0556,6.66,17
2025-08-17T15:00,0.0000,-0.0556,5.26,21
2025-08-17T16:00,0.0000,-0.0556,4.83,26
2025-08-17T17:00,0.0000,-0.0556,3.90,33
2025-08-17T18:00,-0.0589,-0.0589,4.22,41
2025-08-17T19:00,-0.0589,-0.0589,4.28,53
2025-08-17T20:00,-0.0556,-0.0000,3.10,72
2025-08-17T21:00,-0.0556,-0.0000,2.16,83
2025-08-17T22:00,0.0000,0.0000,2.08,80
2025-08-17T23:00,0.0000,0.0000,3.04,54
2025-08-18T00:00,0.0000,0.0000,3.67,34
2025-08-18T01:00,0.0000,0.0000,3.10,105
2025-08-18T02:00,0.0000,0.0000,1.91,96
2025-08-18T03:00,0.0000,0.0000,1.41,107
2025-08-18T04:00,-0.0556,-0.0000,1.72,64
2025-08-18T05:00,-0.0556,-0.0000,2.33,67
2025-08-18T06:00,-0.1111,-0.0000,2.61,70
2025-08-18T07:00,-0.1111,-0.0000,2.11,76
2025-08-18T08:00,-0.0990,-0.0504,1.74,27
2025-08-18T09:00,-0.0589,-0.0589,3.66,357
2025-08-18T10:00,0.0000,-0.0556,7.35,2
2025-08-18T11:00,0.0000,-0.0556,6.71,357
2025-08-18T12:00,0.0589,-0.0589,7.22,4
2025-08-18T13:00,0.0589,-0.0589,7.22,10
2025-08-18T14:00,0.0589,-0.0589,6.98,20
2025-08-18T15:00,0.0556,0.0000,6.49,34
2025-08-18T16:00,0.0556,0.0000,6.20,41
2025-08-18T17:00,0.0000,0.0000,5.26,54
2025-08-18T18:00,-0.0556,-0.0000,3.61,48
2025-08-18T19:00,-0.0556,-0.0000,2.26,47
2025-08-18T20:00,-0.0556,-0.0000,1.46,59
2025-08-18T21:00,-0.1111,-0.0000,2.10,128
2025-08-18T22:00,-0.0556,-0.0000,2.09,111
2025-08-18T23:00,-0.0556,-0.0000,3.28,142
2025-08-19T00:00,-0.0556,-0.0000,1.14,113
2025-08-19T01:00,0.0000,-0.0556,0.85,87
2025-08-19T02:00,0.0000,0.0000,1.92,141
2025-08-19T03:00,0.0000,0.0000,1.61,154
2025-08-19T04:00,0.0000,0.0000,2.01,199
2025-08-19T05:00,0.0000,0.0000,3.79,229
2025-08-19T06:00,0.0000,0.0000,4.43,252
2025-08-19T07:00,-0.0589,-0.0589,4.27,288
2025-08-19T08:00,-0.0589,-0.0589,5.12,326
2025-08-19T09:00,0.0000,-0.0556,5.55,346
2025-08-19T10:00,0.0000,-0.0556,5.40,359
2025-08-19T11:00,0.0589,-0.0589,5.53,6
2025-08-19T12:00,0.0589,-0.0589,5.19,11
2025-08-19T13:00,0.0589,-0.0589,5.71,16
2025-08-19T14:00,0.0556,0.0000,5.66,25
2025-08-19T15:00,0.1111,0.0000,4.48,31
2025-08-19T16:00,0.1111,0.0000,3.70,32
2025-08-19T17:00,0.0556,0.0000,3.09,51
2025-08-19T18:00,0.0556,0.0000,2.04,68
2025-08-19T19:00,0.0000,0.0000,1.27,64
2025-08-19T20:00,-0.0556,-0.0000,0.89,74
2025-08-19T21:00,-0.0556,-0.0000,1.96,84
2025-08-19T22:00,-0.0556,-0.0000,1.47,125
2025-08-19T23:00,-0.0556,-0.0000,1.17,140
2025-08-20T00:00,-0.0556,-0.0000,0.75,127
2025-08-20T01:00,0.0000,0.0000,2.40,92
2025-08-20T02:00,0.0000,0.0000,2.36,126
2025-08-20T03:00,0.0000,0.0000,1.57,143
2025-08-20T04:00,0.0556,0.0000,0.67,243
2025-08-20T05:00,0.0556,0.0000,1.77,310
2025-08-20T06:00,0.0000,0.0000,2.57,333
2025-08-20T07:00,-0.0589,-0.0589,2.96,344
2025-08-20T08:00,-0.0589,-0.0589,3.37,345
2025-08-20T09:00,-0.0589,-0.0589,4.41,347
2025-08-20T10:00,-0.0982,-0.0982,5.46,348
2025-08-20T11:00,-0.0504,-0.0990,5.46,357
2025-08-20T12:00,0.0000,-0.1111,5.29,10
2025-08-20T13:00,0.0589,-0.0589,5.30,14
2025-08-20T14:00,0.0990,-0.0504,5.00,22
2025-08-20T15:00,0.1111,0.0000,4.53,48
2025-08-20T16:00,0.1111,0.0000,3.69,65
2025-08-20T17:00,0.1585,0.0515,2.83,54
2025-08-20T18:00,0.0990,0.0504,2.27,41
2025-08-20T19:00,0.0556,0.0000,2.55,62
2025-08-20T20:00,0.0000,0.0000,2.59,56
2025-08-20T21:00,-0.0556,-0.0000,3.10,80
2025-08-20T22:00,-0.1111,-0.0000,2.26,43
2025-08-20T23:00,-0.1111,-0.0000,2.22,14
2025-08-21T00:00,-0.0589,-0.0589,3.23,39
2025-08-21T01:00,-0.0556,-0.0000,2.63,69
2025-08-21T02:00,0.0000,0.0000,3.20,65
2025-08-21T03:00,0.0000,0.0000,3.68,72
2025-08-21T04:00,0.0556,0.0000,4.35,93
2025-08-21T05:00,0.0556,0.0000,2.86,123
2025-08-21T06:00,0.0556,0.0000,1.17,190
2025-08-21T07:00,0.0000,0.0000,1.18,126
2025-08-21T08:00,-0.0556,-0.0000,1.98,227
2025-08-21T09:00,-0.0589,-0.0589,2.45,319
2025-08-21T10:00,-0.0990,-0.0504,4.07,335
2025-08-21T11:00,-0.0990,-0.0504,5.15,349
2025-08-21T12:00,-0.0589,-0.0589,5.51,8
2025-08-21T13:00,0.0000,-0.0556,6.42,11
2025-08-21T14:00,0.0589,-0.0589,6.41,23
2025-08-21T15:00,0.0556,0.0000,5.41,43
2025-08-21T16:00,0.1111,0.0000,5.04,53
2025-08-21T17:00,0.1111,0.0000,4.45,64
2025-08-21T18:00,0.0556,0.0000,3.47,67
2025-08-21T19:00,0.0556,0.0000,3.16,61
2025-08-21T20:00,0.0000,0.0000,3.47,63
2025-08-21T21:00,-0.0556,-0.0000,2.93,70
2025-08-21T22:00,-0.1111,-0.0000,3.07,102
2025-08-21T23:00,-0.1389,-0.0000,3.29,116
2025-08-22T00:00,-0.1111,-0.0000,2.84,146
2025-08-22T01:00,-0.0556,-0.0000,4.67,207
2025-08-22T02:00,0.0000,0.0000,4.73,210
2025-08-22T03:00,0.0556,0.0000,4.47,212
2025-08-22T04:00,0.0589,0.0589,5.17,213
2025-08-22T05:00,0.0990,0.0504,6.02,214
2025-08-22T06:00,0.0990,0.0504,6.12,216
2025-08-22T07:00,0.0589,0.0589,5.46,217
2025-08-22T08:00,0.0000,0.0000,4.78,223
2025-08-22T09:00,-0.0589,-0.0589,4.05,235
2025-08-22T10:00,-0.0589,-0.0589,2.95,271
2025-08-22T11:00,-0.0982,-0.0982,2.73,319
2025-08-22T12:00,-0.0504,-0.0990,4.31,355
2025-08-22T13:00,-0.0504,-0.0990,6.09,18
2025-08-22T14:00,0.0000,-0.0556,4.96,26
2025-08-22T15:00,0.0556,0.0000,3.11,37
2025-08-22T16:00,0.1111,0.0000,3.30,58
2025-08-22T17:00,0.1111,0.0000,2.60,74
2025-08-22T18:00,0.0990,0.0504,2.59,115
2025-08-22T19:00,0.0990,0.0504,3.66,140
2025-08-22T20:00,0.0589,0.0589,4.09,152
2025-08-22T21:00,0.0000,0.0556,4.15,181
2025-08-22T22:00,-0.0556,-0.0000,3.65,213
2025-08-22T23:00,-0.1111,-0.0000,4.22,229
2025-08-23T00:00,-0.1111,-0.0000,4.26,239
2025-08-23T01:00,-0.1111,-0.0000,4.19,220
2025-08-23T02:00,0.0000,0.0000,4.35,226
2025-08-23T03:00,0.0556,0.0000,4.43,222
2025-08-23T04:00,0.0556,0.0000,4.73,216
2025-08-23T05:00,0.1111,0.0000,6.12,224
2025-08-23T06:00,0.1111,0.0000,6.87,235
2025-08-23T07:00,0.1111,0.0000,6.76,262
2025-08-23T08:00,0.0556,0.0000,6.59,308
2025-08-23T09:00,0.0000,-0.0556,6.64,340
2025-08-23T10:00,-0.0589,-0.0589,6.19,344
2025-08-23T11:00,-0.0589,-0.0589,6.50,353
2025-08-23T12:00,-0.0504,-0.0990,7.30,358
2025-08-23T13:00,-0.0589,-0.0589,5.30,358
2025-08-23T14:00,0.0000,-0.0556,2.74,18
2025-08-23T15:00,0.0589,-0.0589,2.32,53
2025-08-23T16:00,0.1111,0.0000,1.87,44
2025-08-23T17:00,0.1389,0.0000,2.08,35
2025-08-23T18:00,0.1585,0.0515,1.38,46
2025-08-23T19:00,0.0990,0.0504,1.76,35
2025-08-23T20:00,0.0990,0.0504,1.16,115
2025-08-23T21:00,0.0000,0.0556,2.02,120
2025-08-23T22:00,-0.0556,-0.0000,2.61,122
2025-08-23T23:00,-0.1111,-0.0000,2.71,142
2025-08-24T00:00,-0.1389,-0.0000,2.41,137
2025-08-24T01:00,-0.1389,-0.0000,2.30,131
2025-08-24T02:00,-0.1111,-0.0000,3.21,94
2025-08-24T03:00,-0.0556,-0.0000,2.62,173
2025-08-24T04:00,0.0556,0.0000,3.68,192
2025-08-24T05:00,0.0556,0.0000,2.73,194
2025-08-24T06:00,0.0556,0.0000,2.77,187
2025-08-24T07:00,0.0556,0.0000,2.80,190
2025-08-24T08:00,0.0000,0.0000,1.90,210
2025-08-24T09:00,-0.0556,-0.0000,1.27,281
2025-08-24T10:00,-0.0990,-0.0504,2.37,342
2025-08-24T11:00,-0.1585,-0.0515,4.42,6
2025-08-24T12:00,-0.1585,-0.0515,5.13,15
2025-08-24T13:00,-0.1585,-0.0515,5.01,19
2025-08-24T14:00,-0.0990,-0.0504,4.92,21
2025-08-24T15:00,-0.0589,-0.0589,4.59,38
2025-08-24T16:00,0.0589,-0.0589,3.80,62
2025-08-24T17:00,0.1111,0.0000,3.69,74
2025-08-24T18:00,0.1111,0.0000,3.18,71
2025-08-24T19:00,0.0990,0.0504,2.45,88
2025-08-24T20:00,0.0589,0.0589,1.90,104
2025-08-24T21:00,0.0000,0.0556,2.16,124
2025-08-24T22:00,-0.0589,0.0589,2.67,142
2025-08-24T23:00,-0.1111,-0.0000,1.71,142
2025-08-25T00:00,-0.1389,-0.0000,3.87,194
2025-08-25T01:00,-0.1389,-0.0000,2.22,203
2025-08-25T02:00,-0.1111,-0.0000,1.30,180
2025-08-25T03:00,-0.0556,-0.0000,1.27,169
2025-08-25T04:00,0.0000,0.0000,1.92,171
2025-08-25T05:00,0.0556,0.0000,1.92,173
2025-08-25T06:00,0.0556,0.0000,2.07,172
2025-08-25T07:00,0.0556,0.0000,1.63,191
2025-08-25T08:00,0.0556,0.0000,0.87,257
2025-08-25T09:00,0.0000,0.0000,1.98,326
2025-08-25T10:00,-0.0556,-0.0000,3.54,337
2025-08-25T11:00,-0.0589,-0.0589,4.39,345
2025-08-25T12:00,-0.0990,-0.0504,4.25,2
2025-08-25T13:00,-0.1585,-0.0515,3.73,26
2025-08-25T14:00,-0.0990,-0.0504,3.72,57
2025-08-25T15:00,-0.0990,-0.0504,3.21,72
2025-08-25T16:00,0.0000,0.0000,2.91,55
2025-08-25T17:00,0.0556,0.0000,3.67,79
2025-08-25T18:00,0.0589,0.0589,2.91,95
2025-08-25T19:00,0.0589,0.0589,3.38,117
2025-08-25T20:00,0.0589,0.0589,2.60,106
2025-08-25T21:00,0.0000,0.0556,2.32,97
2025-08-25T22:00,0.0000,0.0556,1.59,156
2025-08-25T23:00,-0.0556,-0.0000,2.72,163
2025-08-26T00:00,-0.1111,-0.0000,4.06,176
2025-08-26T01:00,-0.1389,-0.0000,4.45,181
2025-08-26T02:00,-0.1389,-0.0000,4.25,182
2025-08-26T03:00,-0.1111,-0.0000,3.60,182
2025-08-26T04:00,-0.0556,-0.0000,3.00,177
2025-08-26T05:00,0.0000,0.0000,2.09,191
2025-08-26T06:00,0.0556,0.0000,2.03,218
2025-08-26T07:00,0.0556,0.0000,1.98,227
2025-08-26T08:00,0.0556,0.0000,1.75,268
2025-08-26T09:00,0.0000,0.0000,3.87,333
2025-08-26T10:00,0.0000,-0.0556,5.84,350
2025-08-26T11:00,-0.0589,-0.0589,6.75,0
2025-08-26T12:00,-0.0990,-0.0504,6.40,10
2025-08-26T13:00,-0.0990,-0.0504,6.29,19
2025-08-26T14:00,-0.0990,-0.0504,5.75,25
2025-08-26T15:00,-0.0589,-0.0589,4.10,22
2025-08-26T16:00,0.0000,0.0000,4.24,45
2025-08-26T17:00,0.0556,0.0000,3.91,69
2025-08-26T18:00,0.1111,0.0000,3.28,78
2025-08-26T19:00,0.0990,0.0504,3.10,108
2025-08-26T20:00,0.0589,0.0589,2.22,121
2025-08-26T21:00,0.0589,0.0589,2.87,139
2025-08-26T22:00,0.0000,0.0556,3.19,131
2025-08-26T23:00,-0.0556,-0.0000,3.29,163
2025-08-27T00:00,-0.1111,-0.0000,1.15,162
2025-08-27T01:00,-0.1111,-0.0000,1.37,294
2025-08-27T02:00,-0.1111,-0.0000,0.87,257
2025-08-27T03:00,-0.1111,-0.0000,1.41,188
2025-08-27T04:00,-0.0556,-0.0000,2.01,194
2025-08-27T05:00,0.0000,0.0000,0.83,295
2025-08-27T06:00,0.0556,0.0000,2.53,27
2025-08-27T07:00,0.1111,0.0000,3.23,22
2025-08-27T08:00,0.0556,0.0000,3.44,8
2025-08-27T09:00,0.0556,0.0000,3.50,358
2025-08-27T10:00,0.0000,-0.0556,4.30,351
2025-08-27T11:00,-0.0589,-0.0589,5.15,1
2025-08-27T12:00,-0.0589,-0.0589,5.71,8
2025-08-27T13:00,-0.0990,-0.0504,5.39,19
2025-08-27T14:00,-0.0990,-0.0504,4.87,22
2025-08-27T15:00,-0.0990,-0.0504,4.84,33
2025-08-27T16:00,-0.0556,-0.0000,4.60,44
2025-08-27T17:00,0.0000,0.0000,4.15,49
2025-08-27T18:00,0.0556,0.0000,4.48,57
2025-08-27T19:00,0.0556,0.0000,3.38,66
2025-08-27T20:00,0.0556,0.0000,3.30,72
2025-08-27T21:00,0.0000,0.0000,3.10,92
2025-08-27T22:00,0.0000,0.0000,2.93,123
2025-08-27T23:00,-0.0556,-0.0000,1.98,131
2025-08-28T00:00,-0.0556,-0.0000,1.47,190
2025-08-28T01:00,-0.1111,-0.0000,1.14,195
2025-08-28T02:00,-0.1111,-0.0000,1.12,302
2025-08-28T03:00,-0.0990,-0.0504,0.87,283
2025-08-28T04:00,-0.0589,-0.0589,0.45,6
2025-08-28T05:00,0.0000,-0.0556,1.66,16
2025-08-28T06:00,0.0556,0.0000,3.15,10
2025-08-28T07:00,0.0556,0.0000,4.14,8
2025-08-28T08:00,0.0556,0.0000,4.11,10
2025-08-28T09:00,0.0556,0.0000,4.63,6
2025-08-28T10:00,0.0000,-0.0556,5.11,4
2025-08-28T11:00,0.0000,-0.0556,5.10,2
2025-08-28T12:00,-0.0589,-0.0589,4.80,2
2025-08-28T13:00,-0.0589,-0.0589,5.23,13
2025-08-28T14:00,-0.0589,-0.0589,4.68,20
2025-08-28T15:00,-0.0589,-0.0589,3.67,20
2025-08-28T16:00,-0.0589,-0.0589,3.84,18
2025-08-28T17:00,0.0000,0.0000,3.49,25
2025-08-28T18:00,0.0556,0.0000,3.03,38
2025-08-28T19:00,0.0556,0.0000,2.66,41
2025-08-28T20:00,0.0556,0.0000,2.86,44
2025-08-28T21:00,0.0556,0.0000,2.37,42
2025-08-28T22:00,0.0000,0.0000,2.59,49
2025-08-28T23:00,0.0000,0.0000,1.66,46
2025-08-29T00:00,-0.0556,-0.0000,2.35,128
2025-08-29T01:00,-0.0990,-0.0504,2.61,70
2025-08-29T02:00,-0.0990,-0.0504,1.75,88
2025-08-29T03:00,-0.0990,-0.0504,1.20,85
2025-08-29T04:00,-0.0589,-0.0589,1.20,42
2025-08-29T05:00,0.0000,-0.0556,2.38,22
2025-08-29T06:00,0.0000,0.0000,2.87,31
2025-08-29T07:00,0.0556,0.0000,2.47,14
2025-08-29T08:00,0.0589,-0.0589,3.11,349
2025-08-29T09:00,0.0990,-0.0504,4.38,341
2025-08-29T10:00,0.0589,-0.0589,6.26,334
2025-08-29T11:00,0.0589,-0.0589,5.92,337
2025-08-29T12:00,0.0000,-0.0556,5.63,346
2025-08-29T13:00,0.0000,-0.0556,5.91,2
2025-08-29T14:00,-0.0589,-0.0589,4.90,12
2025-08-29T15:00,-0.0589,-0.0589,3.89,26
2025-08-29T16:00,-0.0589,-0.0589,3.28,38
2025-08-29T17:00,0.0000,-0.0556,3.04,45
2025-08-29T18:00,0.0000,-0.0556,2.94,48
2025-08-29T19:00,0.0556,0.0000,2.41,42
2025-08-29T20:00,0.0556,0.0000,2.77,28
2025-08-29T21:00,0.0556,0.0000,2.64,25
2025-08-29T22:00,0.0556,0.0000,1.99,18
2025-08-29T23:00,0.0000,0.0000,1.85,341
2025-08-30T00:00,-0.0556,-0.0000,2.21,342
2025-08-30T01:00,-0.0556,-0.0000,2.08,27
2025-08-30T02:00,-0.0589,-0.0589,2.52,49
2025-08-30T03:00,-0.0589,-0.0589,2.22,67
2025-08-30T04:00,-0.0589,-0.0589,1.49,104
2025-08-30T05:00,-0.0589,-0.0589,1.25,119
2025-08-30T06:00,0.0000,-0.0556,1.04,35
2025-08-30T07:00,0.0589,-0.0589,2.01,4
2025-08-30T08:00,0.0589,-0.0589,3.30,350
2025-08-30T09:00,0.0990,-0.0504,4.48,344
2025-08-30T10:00,0.0990,-0.0504,4.35,343
2025-08-30T11:00,0.0589,-0.0589,5.03,339
2025-08-30T12:00,0.0589,-0.0589,5.06,342
2025-08-30T13:00,0.0589,-0.0589,4.91,357
2025-08-30T14:00,0.0000,-0.0556,4.23,14
2025-08-30T15:00,0.0000,-0.0556,3.24,38
2025-08-30T16:00,0.0000,-0.0556,3.13,65
2025-08-30T17:00,0.0000,0.0000,2.69,68
2025-08-30T18:00,0.0000,0.0000,2.09,33
2025-08-30T19:00,0.0000,0.0000,2.91,16
2025-08-30T20:00,0.0556,0.0000,2.47,14
2025-08-30T21:00,0.0556,0.0000,2.90,358
2025-08-30T22:00,0.0556,0.0000,2.57,352
2025-08-30T23:00,0.0000,0.0000,3.32,353
2025-08-31T00:00,0.0000,0.0000,3.27,39
2025-08-31T01:00,-0.0556,-0.0000,1.82,99
2025-08-31T02:00,-0.0556,-0.0000,2.07,122
2025-08-31T03:00,-0.0589,-0.0589,1.73,123
2025-08-31T04:00,-0.0589,-0.0589,1.48,152
2025-08-31T05:00,-0.0589,-0.0589,0.94,205
2025-08-31T06:00,0.0000,-0.0556,1.42,288
2025-08-31T07:00,0.0589,-0.0589,3.06,332
2025-08-31T08:00,0.0589,-0.0589,4.75,340
2025-08-31T09:00,0.0589,-0.0589,4.86,343
2025-08-31T10:00,0.0990,-0.0504,4.54,349
2025-08-31T11:00,0.0589,-0.0589,4.70,358
2025-08-31T12:00,0.0589,-0.0589,5.06,4
2025-08-31T13:00,0.0589,-0.0589,5.32,12
2025-08-31T14:00,0.0556,0.0000,5.52,22
2025-08-31T15:00,0.0000,0.0000,4.17,34
2025-08-31T16:00,0.0000,0.0000,4.35,46
2025-08-31T17:00,0.0000,0.0000,3.80,65
2025-08-31T18:00,0.0000,0.0000,3.21,79
2025-08-31T19:00,0.0000,0.0000,2.66,86
2025-08-31T20:00,0.0000,0.0000,1.92,99
2025-08-31T21:00,0.0000,0.0000,1.20,48
2025-08-31T22:00,0.0000,0.0000,1.08,13
2025-08-31T23:00,0.0000,0.0000,1.41,23
2025-09-01T00:00,-0.0556,-0.0000,1.65,76
2025-09-01T01:00,-0.0556,-0.0000,1.36,84
2025-09-01T02:00,-0.0589,-0.0589,0.56,10
2025-09-01T03:00,-0.0589,-0.0589,1.00,342
2025-09-01T04:00,-0.0589,-0.0589,2.21,128
2025-09-01T05:00,-0.0589,-0.0589,2.08,150
2025-09-01T06:00,-0.0589,-0.0589,0.63,108
2025-09-01T07:00,0.0000,-0.0556,1.35,4
2025-09-01T08:00,0.0000,-0.0556,2.53,345
2025-09-01T09:00,0.0589,-0.0589,3.49,336
2025-09-01T10:00,0.0990,-0.0504,4.39,331
2025-09-01T11:00,0.0990,-0.0504,5.37,332
2025-09-01T12:00,0.0589,-0.0589,5.34,338
2025-09-01T13:00,0.0589,-0.0589,5.21,346
2025-09-01T14:00,0.0589,-0.0589,4.67,355
2025-09-01T15:00,0.0589,-0.0589,3.48,16
2025-09-01T16:00,0.0589,-0.0589,4.14,8
2025-09-01T17:00,0.0000,-0.0556,3.90,359
2025-09-01T18:00,0.0000,-0.0556,4.37,354
2025-09-01T19:00,0.0000,-0.0556,4.56,356
2025-09-01T20:00,0.0000,0.0000,4.33,346
2025-09-01T21:00,0.0000,0.0000,3.89,334
2025-09-01T22:00,0.0000,0.0000,2.91,331
2025-09-01T23:00,0.0000,0.0000,3.09,326
2025-09-02T00:00,0.0000,0.0000,2.80,329
2025-09-02T01:00,0.0000,-0.0556,3.02,341
2025-09-02T02:00,0.0000,-0.0556,3.11,327
2025-09-02T03:00,0.0000,-0.0556,2.55,312
2025-09-02T04:00,0.0000,-0.0556,1.92,295
2025-09-02T05:00,0.0000,-0.0556,2.15,306
2025-09-02T06:00,0.0000,-0.0556,2.68,323
2025-09-02T07:00,0.0000,-0.0556,3.60,331
2025-09-02T08:00,0.0000,-0.0556,4.14,332
2025-09-02T09:00,0.0589,-0.0589,4.19,337
2025-09-02T10:00,0.0589,-0.0589,4.38,343
2025-09-02T11:00,0.0589,-0.0589,5.30,342
2025-09-02T12:00,0.0589,-0.0589,4.42,354
2025-09-02T13:00,0.0589,-0.0589,3.54,16
2025-09-02T14:00,0.0556,0.0000,4.07,25
2025-09-02T15:00,0.0556,0.0000,4.94,39
2025-09-02T16:00,0.0556,0.0000,4.61,53
2025-09-02T17:00,0.0000,0.0000,4.87,69
2025-09-02T18:00,0.0000,0.0000,4.22,95
2025-09-02T19:00,-0.0556,-0.0000,3.28,128
2025-09-02T20:00,-0.0556,-0.0000,3.09,141
2025-09-02T21:00,-0.0556,-0.0000,1.96,122
2025-09-02T22:00,-0.0556,-0.0000,1.65,145
2025-09-02T23:00,-0.0556,-0.0000,2.00,148
2025-09-03T00:00,-0.0556,-0.0000,2.48,138
2025-09-03T01:00,-0.0556,-0.0000,3.05,157
2025-09-03T02:00,-0.0556,-0.0000,3.02,168
2025-09-03T03:00,-0.0556,-0.0000,2.50,180
2025-09-03T04:00,-0.0556,-0.0000,2.00,212
2025-09-03T05:00,-0.0589,-0.0589,2.26,227
2025-09-03T06:00,-0.0589,-0.0589,2.93,240
2025-09-03T07:00,-0.0589,-0.0589,3.42,249
2025-09-03T08:00,-0.0589,-0.0589,4.00,268
2025-09-03T09:00,-0.0589,-0.0589,4.70,315
2025-09-03T10:00,-0.0589,-0.0589,8.84,13
2025-09-03T11:00,0.0000,-0.0556,7.78,8
2025-09-03T12:00,0.0000,-0.0556,7.23,21
2025-09-03T13:00,0.0000,-0.0556,6.46,25
2025-09-03T14:00,0.0000,0.0000,6.33,43
2025-09-03T15:00,0.0000,0.0000,5.73,54
2025-09-03T16:00,0.0000,0.0000,4.48,68
2025-09-03T17:00,0.0000,0.0000,5.02,77
2025-09-03T18:00,-0.0556,-0.0000,4.99,83
2025-09-03T19:00,-0.0556,-0.0000,3.91,118
2025-09-03T20:00,-0.1111,-0.0000,3.47,117
2025-09-03T21:00,-0.1111,-0.0000,3.16,121
2025-09-03T22:00,-0.1111,-0.0000,2.27,131
2025-09-03T23:00,-0.0556,-0.0000,1.66,175
2025-09-04T00:00,-0.0556,-0.0000,2.02,203
2025-09-04T01:00,0.0000,0.0000,2.09,226
2025-09-04T02:00,0.0000,0.0000,1.97,261
2025-09-04T03:00,0.0000,0.0000,2.17,262
2025-09-04T04:00,0.0000,0.0000,1.77,295
2025-09-04T05:00,0.0000,0.0000,1.60,321
2025-09-04T06:00,0.0000,0.0000,2.57,352
2025-09-04T07:00,-0.0589,-0.0589,2.75,359
2025-09-04T08:00,-0.0589,-0.0589,3.62,354
2025-09-04T09:00,-0.0589,-0.0589,4.98,350
2025-09-04T10:00,0.0000,-0.0556,5.39,345
2025-09-04T11:00,0.0000,-0.0556,5.04,342
2025-09-04T12:00,0.0589,-0.0589,6.54,344
2025-09-04T13:00,0.0990,-0.0504,6.50,343
2025-09-04T14:00,0.0990,-0.0504,5.36,357
2025-09-04T15:00,0.1389,0.0000,4.25,359
2025-09-04T16:00,0.1389,0.0000,4.15,9
2025-09-04T17:00,0.1111,0.0000,4.22,17
2025-09-04T18:00,0.1111,0.0000,3.97,11
2025-09-04T19:00,0.0556,0.0000,3.65,13
2025-09-04T20:00,0.0000,0.0000,2.93,27
2025-09-04T21:00,-0.0556,-0.0000,2.52,34
2025-09-04T22:00,-0.0589,-0.0589,2.63,39
2025-09-04T23:00,-0.0589,-0.0589,1.91,43
2025-09-05T00:00,-0.0589,-0.0589,1.84,49
2025-09-05T01:00,0.0000,-0.0556,3.14,99
2025-09-05T02:00,0.0000,-0.0556,3.69,144
2025-09-05T03:00,0.0589,-0.0589,1.60,184
2025-09-05T04:00,0.0589,-0.0589,2.20,267
2025-09-05T05:00,0.0990,-0.0504,3.15,297
2025-09-05T06:00,0.0589,-0.0589,4.59,308
2025-09-05T07:00,0.0000,-0.0556,2.95,360
2025-09-05T08:00,0.0000,-0.0556,4.50,3
2025-09-05T09:00,-0.0589,-0.0589,5.80,359
2025-09-05T10:00,-0.0504,-0.0990,6.65,359
2025-09-05T11:00,-0.0504,-0.0990,6.30,1
2025-09-05T12:00,0.0000,-0.1111,8.70,354
2025-09-05T13:00,0.0504,-0.0990,6.95,1
2025-09-05T14:00,0.0589,-0.0589,7.97,15
2025-09-05T15:00,0.0990,-0.0504,7.14,24
2025-09-05T16:00,0.0990,-0.0504,5.96,23
2025-09-05T17:00,0.1111,0.0000,6.35,37
2025-09-05T18:00,0.0556,0.0000,4.54,28
2025-09-05T19:00,0.0556,0.0000,2.85,349
2025-09-05T20:00,0.0000,0.0000,2.95,336
2025-09-05T21:00,-0.0556,-0.0000,2.95,11
2025-09-05T22:00,-0.0990,-0.0504,3.18,33
2025-09-05T23:00,-0.0990,-0.0504,2.69,59
2025-09-06T00:00,-0.0990,-0.0504,2.93,73
2025-09-06T01:00,-0.0556,-0.0000,3.38,66
2025-09-06T02:00,0.0000,0.0000,3.64,72
2025-09-06T03:00,0.0000,0.0000,3.59,81
2025-09-06T04:00,0.0000,0.0000,3.36,86
2025-09-06T05:00,0.0000,0.0000,3.71,95
2025-09-06T06:00,0.0000,0.0000,2.93,123
2025-09-06T07:00,-0.0556,-0.0000,2.49,150
2025-09-06T08:00,-0.1111,-0.0000,1.41,153
2025-09-06T09:00,-0.0990,-0.0504,1.48,28
2025-09-06T10:00,-0.1585,-0.0515,4.26,13
2025-09-06T11:00,-0.1585,-0.0515,6.27,11
2025-09-06T12:00,-0.0990,-0.0504,6.41,11
2025-09-06T13:00,-0.0589,-0.0589,4.57,29
2025-09-06T14:00,0.0000,-0.0556,5.04,37
2025-09-06T15:00,0.0589,-0.0589,4.92,24
2025-09-06T16:00,0.0990,-0.0504,4.54,24
2025-09-06T17:00,0.1111,0.0000,4.97,17
2025-09-06T18:00,0.1111,0.0000,4.57,23
2025-09-06T19:00,0.0556,0.0000,4.44,31
2025-09-06T20:00,0.0000,0.0000,4.26,36
2025-09-06T21:00,-0.0556,-0.0000,3.89,24
2025-09-06T22:00,-0.1111,-0.0000,2.91,27
2025-09-06T23:00,-0.1389,-0.0000,2.26,47
2025-09-07T00:00,-0.0990,-0.0504,1.88,48
2025-09-07T01:00,-0.0990,-0.0504,1.22,19
2025-09-07T02:00,-0.0556,-0.0000,0.35,135
2025-09-07T03:00,0.0000,0.0000,3.77,191
2025-09-07T04:00,0.0556,0.0000,2.67,188
2025-09-07T05:00,0.0556,0.0000,2.80,199
2025-09-07T06:00,0.0556,0.0000,2.96,210
2025-09-07T07:00,0.0556,0.0000,2.76,228
2025-09-07T08:00,0.0000,0.0000,2.61,265
2025-09-07T09:00,-0.0589,-0.0589,4.52,327
2025-09-07T10:00,-0.0990,-0.0504,6.00,344
2025-09-07T11:00,-0.0990,-0.0504,5.14,342
2025-09-07T12:00,-0.0990,-0.0504,4.95,348
2025-09-07T13:00,-0.0504,-0.0990,3.61,355
2025-09-07T14:00,0.0000,-0.1111,2.15,1
2025-09-07T15:00,0.0504,-0.0990,3.20,25
2025-09-07T16:00,0.0990,-0.0504,4.12,39
2025-09-07T17:00,0.1389,0.0000,5.06,17
2025-09-07T18:00,0.1389,0.0000,4.55,15
2025-09-07T19:00,0.1111,0.0000,3.24,17
2025-09-07T20:00,0.0556,0.0000,1.48,12
2025-09-07T21:00,0.0000,0.0000,1.33,250
2025-09-07T22:00,-0.0556,-0.0000,2.78,247
2025-09-07T23:00,-0.1111,-0.0000,3.27,263
2025-09-08T00:00,-0.0990,-0.0504,3.62,259
2025-09-08T01:00,-0.0990,-0.0504,3.15,303
2025-09-08T02:00,-0.0589,-0.0589,3.15,268
2025-09-08T03:00,0.0589,-0.0589,3.00,259
2025-09-08T04:00,0.0990,-0.0504,2.67,262
2025-09-08T05:00,0.1111,0.0000,2.85,273
2025-09-08T06:00,0.1111,0.0000,3.79,301
2025-09-08T07:00,0.1111,0.0000,4.31,315
2025-09-08T08:00,0.0556,0.0000,4.69,326
2025-09-08T09:00,0.0000,-0.0556,5.01,328
2025-09-08T10:00,-0.0589,-0.0589,5.14,329
2025-09-08T11:00,-0.0589,-0.0589,4.88,327
2025-09-08T12:00,-0.0589,-0.0589,4.37,329
2025-09-08T13:00,-0.0589,-0.0589,4.05,344
2025-09-08T14:00,0.0000,-0.0556,4.54,346
2025-09-08T15:00,0.0589,-0.0589,3.99,352
2025-09-08T16:00,0.1585,-0.0515,3.58,7
2025-09-08T17:00,0.1389,0.0000,3.04,351
2025-09-08T18:00,0.1389,0.0000,2.71,330
2025-09-08T19:00,0.1111,0.0000,2.07,323
2025-09-08T20:00,0.1111,0.0000,2.14,327
2025-09-08T21:00,0.0556,0.0000,2.26,305
2025-09-08T22:00,-0.0556,-0.0000,2.62,288
2025-09-08T23:00,-0.1111,-0.0000,2.93,284
2025-09-09T00:00,-0.0990,-0.0504,2.58,285
2025-09-09T01:00,-0.0990,-0.0504,1.03,346
2025-09-09T02:00,-0.0589,-0.0589,0.61,35
2025-09-09T03:00,0.0000,-0.0556,1.25,182
2025-09-09T04:00,0.0589,-0.0589,1.92,195
2025-09-09T05:00,0.1111,0.0000,1.36,242
2025-09-09T06:00,0.1111,0.0000,2.93,327
2025-09-09T07:00,0.1111,0.0000,3.83,353
2025-09-09T08:00,0.0990,-0.0504,3.96,356
2025-09-09T09:00,0.0589,-0.0589,4.92,351
2025-09-09T10:00,-0.0589,-0.0589,5.66,349
2025-09-09T11:00,-0.0990,-0.0504,5.51,356
2025-09-09T12:00,-0.0982,-0.0982,5.35,8
2025-09-09T13:00,-0.0990,-0.0504,5.51,12
2025-09-09T14:00,-0.0589,-0.0589,4.59,16
2025-09-09T15:00,0.0000,-0.0556,3.27,39
2025-09-09T16:00,0.1111,0.0000,4.03,62
2025-09-09T17:00,0.1389,0.0000,3.75,46
2025-09-09T18:00,0.1389,0.0000,3.06,26
2025-09-09T19:00,0.1111,0.0000,2.25,4
2025-09-09T20:00,0.1111,0.0000,2.85,349
2025-09-09T21:00,0.0556,0.0000,3.52,337
2025-09-09T22:00,-0.0556,-0.0000,4.14,340
2025-09-09T23:00,-0.0990,-0.0504,3.95,360
2025-09-10T00:00,-0.1585,-0.0515,3.69,33
2025-09-10T01:00,-0.1585,-0.0515,3.65,65
2025-09-10T02:00,-0.1585,-0.0515,4.25,99
2025-09-10T03:00,-0.0589,-0.0589,3.64,117
2025-09-10T04:00,0.0000,-0.0556,1.14,105
2025-09-10T05:00,0.1111,0.0000,0.86,97
2025-09-10T06:00,0.1111,0.0000,0.76,101
2025-09-10T07:00,0.1111,0.0000,0.59,20
2025-09-10T08:00,0.1111,0.0000,1.57,9
2025-09-10T09:00,0.0589,-0.0589,5.25,349
2025-09-10T10:00,0.0000,-0.0556,6.46,349
2025-09-10T11:00,-0.0589,-0.0589,6.48,354
2025-09-10T12:00,-0.0990,-0.0504,6.00,0
2025-09-10T13:00,-0.0990,-0.0504,5.77,18
2025-09-10T14:00,-0.0990,-0.0504,5.41,18
2025-09-10T15:00,-0.0589,-0.0589,4.68,25
2025-09-10T16:00,0.0000,-0.0556,3.51,40
2025-09-10T17:00,0.1111,0.0000,2.66,49
2025-09-10T18:00,0.1111,0.0000,2.55,45
2025-09-10T19:00,0.1111,0.0000,2.40,31
2025-09-10T20:00,0.1111,0.0000,2.02,46
2025-09-10T21:00,0.0556,0.0000,1.74,78
2025-09-10T22:00,0.0000,0.0000,1.30,92
2025-09-10T23:00,-0.0556,-0.0000,1.67,129
2025-09-11T00:00,-0.1111,-0.0000,2.17,157
2025-09-11T01:00,-0.1389,-0.0000,2.12,133
2025-09-11T02:00,-0.1585,-0.0515,1.71,128
2025-09-11T03:00,-0.0990,-0.0504,1.50,127
2025-09-11T04:00,-0.0556,-0.0000,1.14,142
2025-09-11T05:00,0.0556,0.0000,0.61,145
2025-09-11T06:00,0.1111,0.0000,0.82,346
2025-09-11T07:00,0.1111,0.0000,2.06,342
2025-09-11T08:00,0.1111,0.0000,3.15,342
2025-09-11T09:00,0.1111,0.0000,4.10,347
2025-09-11T10:00,0.0556,0.0000,4.52,355
2025-09-11T11:00,0.0000,0.0000,4.90,358
2025-09-11T12:00,-0.0556,-0.0000,5.05,358
2025-09-11T13:00,-0.0990,-0.0504,4.74,7
2025-09-11T14:00,-0.0990,-0.0504,2.91,27
2025-09-11T15:00,-0.0990,-0.0504,3.25,2
2025-09-11T16:00,-0.0589,-0.0589,2.74,18
2025-09-11T17:00,0.0000,0.0000,1.96,15
2025-09-11T18:00,0.0556,0.0000,2.12,15
2025-09-11T19:00,0.1111,0.0000,2.39,16
2025-09-11T20:00,0.0556,0.0000,2.78,8
2025-09-11T21:00,0.0556,0.0000,3.15,3
2025-09-11T22:00,0.0000,0.0000,3.37,6
2025-09-11T23:00,0.0000,0.0000,3.07,19
2025-09-12T00:00,-0.0556,-0.0000,2.68,33
2025-09-12T01:00,-0.1111,-0.0000,1.81,85
2025-09-12T02:00,-0.0990,-0.0504,1.66,83
2025-09-12T03:00,-0.0990,-0.0504,1.60,86
2025-09-12T04:00,-0.0589,-0.0589,1.05,85
2025-09-12T05:00,0.0000,-0.0556,1.69,19
2025-09-12T06:00,0.0556,0.0000,2.79,9
2025-09-12T07:00,0.1111,0.0000,3.83,12
2025-09-12T08:00,0.1111,0.0000,4.96,3
2025-09-12T09:00,0.1111,0.0000,5.45,2
2025-09-12T10:00,0.0589,-0.0589,5.42,5
2025-09-12T11:00,0.0589,-0.0589,5.48,6
2025-09-12T12:00,0.0000,-0.0556,5.42,5
2025-09-12T13:00,-0.0589,-0.0589,5.45,11
2025-09-12T14:00,-0.0589,-0.0589,5.08,6
2025-09-12T15:00,-0.0589,-0.0589,4.92,5
2025-09-12T16:00,-0.0589,-0.0589,4.53,7
2025-09-12T17:00,0.0000,-0.0556,4.26,9
2025-09-12T18:00,0.0589,-0.0589,3.74,8
2025-09-12T19:00,0.1111,0.0000,3.81,10
2025-09-12T20:00,0.1111,0.0000,3.20,2
2025-09-12T21:00,0.0556,0.0000,3.44,351
2025-09-12T22:00,0.0589,-0.0589,3.35,350
2025-09-12T23:00,0.0000,-0.0556,3.36,349
2025-09-13T00:00,-0.0589,-0.0589,3.47,348
2025-09-13T01:00,-0.0589,-0.0589,3.05,1
2025-09-13T02:00,-0.0990,-0.0504,3.13,8
2025-09-13T03:00,-0.0990,-0.0504,2.97,20
2025-09-13T04:00,-0.0589,-0.0589,2.89,9
2025-09-13T05:00,0.0000,-0.0556,4.36,356
2025-09-13T06:00,0.0589,-0.0589,4.40,352
2025-09-13T07:00,0.0990,-0.0504,5.11,357
2025-09-13T08:00,0.1585,-0.0515,5.75,0
2025-09-13T09:00,0.1389,0.0000,5.95,1
2025-09-13T10:00,0.1111,0.0000,6.25,2
2025-09-13T11:00,0.0990,-0.0504,6.51,3
2025-09-13T12:00,0.0589,-0.0589,6.39,7
2025-09-13T13:00,0.0589,-0.0589,6.42,9
2025-09-13T14:00,0.0000,-0.0556,6.20,14
2025-09-13T15:00,0.0000,-0.0556,5.91,17
2025-09-13T16:00,-0.0589,-0.0589,5.81,15
2025-09-13T17:00,0.0000,-0.0556,5.66,14
2025-09-13T18:00,0.0000,-0.0556,5.65,11
2025-09-13T19:00,0.0589,-0.0589,5.28,15
2025-09-13T20:00,0.0589,-0.0589,4.68,16
2025-09-13T21:00,0.0589,-0.0589,4.62,20
2025-09-13T22:00,0.0000,-0.0556,4.43,27
2025-09-13T23:00,0.0000,-0.0556,4.14,42
2025-09-14T00:00,-0.0589,-0.0589,4.08,49
2025-09-14T01:00,-0.0589,-0.0589,3.72,57
2025-09-14T02:00,-0.0990,-0.0504,3.64,58
2025-09-14T03:00,-0.0990,-0.0504,3.90,67
2025-09-14T04:00,-0.1585,-0.0515,4.56,77
2025-09-14T05:00,-0.1585,-0.0515,5.60,82
2025-09-14T06:00,-0.0990,-0.0504,5.41,94
2025-09-14T07:00,-0.0589,-0.0589,4.08,109
2025-09-14T08:00,0.0000,-0.0556,2.53,117
2025-09-14T09:00,0.0000,-0.0556,1.50,86
2025-09-14T10:00,0.0589,-0.0589,2.99,18
2025-09-14T11:00,0.0000,-0.0556,7.21,3
2025-09-14T12:00,0.0000,-0.0556,8.27,3
2025-09-14T13:00,-0.0589,-0.0589,7.15,19
2025-09-14T14:00,-0.0589,-0.0589,6.66,26
2025-09-14T15:00,-0.0589,-0.0589,6.88,30
2025-09-14T16:00,-0.0990,-0.0504,6.37,31
2025-09-14T17:00,-0.0990,-0.0504,6.31,35
2025-09-14T18:00,-0.0990,-0.0504,5.17,42
2025-09-14T19:00,-0.0990,-0.0504,4.60,37
2025-09-14T20:00,-0.0589,-0.0589,3.90,36
2025-09-14T21:00,-0.0589,-0.0589,3.94,36
2025-09-14T22:00,-0.0589,-0.0589,3.75,48
2025-09-14T23:00,-0.0589,-0.0589,3.60,63
2025-09-15T00:00,-0.0589,-0.0589,3.57,72
2025-09-15T01:00,-0.1111,-0.0000,3.76,76
2025-09-15T02:00,-0.1111,-0.0000,3.54,81
2025-09-15T03:00,-0.1111,-0.0000,3.25,100
2025-09-15T04:00,-0.1111,-0.0000,3.97,121
2025-09-15T05:00,-0.1111,-0.0000,3.52,165
2025-09-15T06:00,-0.1111,-0.0000,3.83,187
2025-09-15T07:00,-0.0556,-0.0000,2.65,202
2025-09-15T08:00,0.0000,0.0000,1.12,260
2025-09-15T09:00,0.0000,-0.0556,2.98,335
2025-09-15T10:00,0.0589,-0.0589,6.12,349
2025-09-15T11:00,0.0589,-0.0589,6.80,0
2025-09-15T12:00,0.0000,-0.0556,6.15,13
2025-09-15T13:00,0.0000,-0.0556,6.55,17
2025-09-15T14:00,0.0000,-0.0556,6.22,20
2025-09-15T15:00,0.0000,0.0000,5.69,23
2025-09-15T16:00,-0.0556,-0.0000,5.21,26
2025-09-15T17:00,-0.0556,-0.0000,4.74,29
2025-09-15T18:00,-0.0589,-0.0589,4.57,29
2025-09-15T19:00,-0.0990,-0.0504,3.88,35
2025-09-15T20:00,-0.0556,-0.0000,3.01,44
2025-09-15T21:00,-0.0556,-0.0000,2.51,47
2025-09-15T22:00,-0.0556,-0.0000,2.14,37
2025-09-15T23:00,-0.0556,-0.0000,1.56,45
2025-09-16T00:00,-0.0556,-0.0000,1.24,76
2025-09-16T01:00,-0.0556,-0.0000,1.46,112
2025-09-16T02:00,-0.0556,-0.0000,1.44,124
2025-09-16T03:00,-0.0556,-0.0000,1.49,132
2025-09-16T04:00,-0.0556,-0.0000,1.42,122
2025-09-16T05:00,-0.0990,-0.0504,1.35,75
2025-09-16T06:00,-0.0990,-0.0504,1.34,45
2025-09-16T07:00,-0.0990,-0.0504,2.04,11
2025-09-16T08:00,-0.0589,-0.0589,3.16,355
2025-09-16T09:00,-0.0589,-0.0589,4.24,348
2025-09-16T10:00,0.0000,-0.0556,4.84,346
2025-09-16T11:00,0.0589,-0.0589,5.17,345
2025-09-16T12:00,0.0556,0.0000,5.18,350
2025-09-16T13:00,0.0556,0.0000,5.47,355
2025-09-16T14:00,0.1111,0.0000,4.95,1
2025-09-16T15:00,0.0556,0.0000,4.22,14
2025-09-16T16:00,0.0556,0.0000,3.18,33
2025-09-16T17:00,0.0000,0.0000,2.72,54
2025-09-16T18:00,-0.0556,-0.0000,2.44,71
2025-09-16T19:00,-0.0556,-0.0000,2.15,59
2025-09-16T20:00,-0.1111,-0.0000,2.00,53
2025-09-16T21:00,-0.0990,-0.0504,1.74,41
2025-09-16T22:00,-0.0589,-0.0589,1.74,39
2025-09-16T23:00,-0.0556,-0.0000,1.86,36
2025-09-17T00:00,0.0000,0.0000,1.42,48
2025-09-17T01:00,0.0000,0.0000,0.81,47
2025-09-17T02:00,0.0000,0.0000,0.50,90
2025-09-17T03:00,0.0000,0.0000,1.57,149
2025-09-17T04:00,0.0000,0.0000,1.61,164
2025-09-17T05:00,-0.0556,-0.0000,0.76,169
2025-09-17T06:00,-0.0589,-0.0589,1.01,9
2025-09-17T07:00,-0.0990,-0.0504,2.21,5
2025-09-17T08:00,-0.0990,-0.0504,3.60,358
2025-09-17T09:00,-0.0990,-0.0504,4.28,353
2025-09-17T10:00,-0.0589,-0.0589,4.02,349
2025-09-17T11:00,0.0000,-0.0556,4.00,347
2025-09-17T12:00,0.0556,0.0000,4.21,355
2025-09-17T13:00,0.0556,0.0000,4.10,1
2025-09-17T14:00,0.1111,0.0000,4.35,1
2025-09-17T15:00,0.1111,0.0000,4.39,12
2025-09-17T16:00,0.1111,0.0000,4.42,16
2025-09-17T17:00,0.0556,0.0000,3.87,27
2025-09-17T18:00,0.0000,0.0000,3.06,26
2025-09-17T19:00,-0.0556,-0.0000,2.79,33
2025-09-17T20:00,-0.1111,-0.0000,2.36,32
2025-09-17T21:00,-0.0990,-0.0504,2.08,63
2025-09-17T22:00,-0.0990,-0.0504,1.00,37
2025-09-17T23:00,-0.0589,-0.0589,2.83,352
2025-09-18T00:00,-0.0589,-0.0589,3.30,350
2025-09-18T01:00,0.0000,-0.0556,2.91,355
2025-09-18T02:00,0.0000,-0.0556,2.27,352
2025-09-18T03:00,0.0000,-0.0556,1.26,342
2025-09-18T04:00,0.0589,-0.0589,0.86,263
2025-09-18T05:00,0.0000,0.0000,1.43,295
2025-09-18T06:00,0.0000,-0.0556,2.23,312
2025-09-18T07:00,-0.0589,-0.0589,3.04,327
2025-09-18T08:00,-0.0589,-0.0589,3.49,335
2025-09-18T09:00,-0.0990,-0.0504,4.46,337
2025-09-18T10:00,-0.0589,-0.0589,4.93,337
2025-09-18T11:00,-0.0589,-0.0589,3.99,338
2025-09-18T12:00,0.0000,-0.0556,2.94,342
2025-09-18T13:00,0.0589,-0.0589,2.98,346
2025-09-18T14:00,0.1111,0.0000,1.80,357
2025-09-18T15:00,0.1111,0.0000,1.18,78
2025-09-18T16:00,0.1111,0.0000,1.47,80
2025-09-18T17:00,0.0990,0.0504,1.31,97
2025-09-18T18:00,0.0589,0.0589,1.71,122
2025-09-18T19:00,0.0000,0.0556,2.04,163
2025-09-18T20:00,-0.0556,-0.0000,2.49,158
2025-09-18T21:00,-0.1111,-0.0000,2.36,167
2025-09-18T22:00,-0.1111,-0.0000,2.84,170
2025-09-18T23:00,-0.1111,-0.0000,2.64,190
2025-09-19T00:00,-0.0556,-0.0000,3.51,197
2025-09-19T01:00,-0.0556,-0.0000,3.09,205
2025-09-19T02:00,0.0000,0.0000,3.24,207
2025-09-19T03:00,0.0000,0.0000,3.16,211
2025-09-19T04:00,0.0556,0.0000,2.77,219
2025-09-19T05:00,0.0556,0.0000,2.34,228
2025-09-19T06:00,0.0000,0.0000,2.45,258
2025-09-19T07:00,0.0000,0.0000,2.64,289
2025-09-19T08:00,-0.0589,-0.0589,3.53,322
2025-09-19T09:00,-0.0990,-0.0504,3.83,336
2025-09-19T10:00,-0.0990,-0.0504,4.14,340
2025-09-19T11:00,-0.0990,-0.0504,3.94,340
2025-09-19T12:00,-0.0589,-0.0589,3.59,351
2025-09-19T13:00,0.0000,-0.0556,4.14,30
2025-09-19T14:00,0.0556,0.0000,3.37,40
2025-09-19T15:00,0.0556,0.0000,2.72,32
2025-09-19T16:00,0.1111,0.0000,2.87,50
2025-09-19T17:00,0.0990,0.0504,1.89,78
2025-09-19T18:00,0.0589,0.0589,1.76,85
2025-09-19T19:00,0.0000,0.0556,2.58,68
2025-09-19T20:00,-0.0556,-0.0000,2.50,74
2025-09-19T21:00,-0.1111,-0.0000,1.91,84
2025-09-19T22:00,-0.1389,-0.0000,1.75,88
2025-09-19T23:00,-0.1389,-0.0000,1.71,97
2025-09-20T00:00,-0.1111,-0.0000,2.36,84
2025-09-20T01:00,-0.0556,-0.0000,1.79,120
2025-09-20T02:00,0.0000,0.0000,2.54,144
2025-09-20T03:00,0.0000,0.0000,2.15,177
2025-09-20T04:00,0.0556,0.0000,2.06,194
2025-09-20T05:00,0.0556,0.0000,1.73,202
2025-09-20T06:00,0.0589,0.0589,1.03,241
2025-09-20T07:00,0.0556,0.0000,1.84,315
2025-09-20T08:00,0.0000,0.0000,2.97,347
2025-09-20T09:00,-0.0589,-0.0589,3.82,5
2025-09-20T10:00,-0.0990,-0.0504,4.60,8
2025-09-20T11:00,-0.0990,-0.0504,5.56,4
2025-09-20T12:00,-0.0990,-0.0504,6.01,8
2025-09-20T13:00,-0.0589,-0.0589,6.15,15
2025-09-20T14:00,0.0589,-0.0589,5.74,20
2025-09-20T15:00,0.0589,-0.0589,5.70,35
2025-09-20T16:00,0.1111,0.0000,5.13,45
2025-09-20T17:00,0.1111,0.0000,3.89,46
2025-09-20T18:00,0.1111,0.0000,3.16,39
2025-09-20T19:00,0.0556,0.0000,2.93,33
2025-09-20T20:00,0.0000,0.0000,2.84,24
2025-09-20T21:00,-0.0556,-0.0000,3.16,23
2025-09-20T22:00,-0.1111,-0.0000,3.45,34
2025-09-20T23:00,-0.1389,-0.0000,3.71,43
2025-09-21T00:00,-0.1585,-0.0515,3.45,51
2025-09-21T01:00,-0.0990,-0.0504,2.40,67
2025-09-21T02:00,-0.0589,-0.0589,2.28,64
2025-09-21T03:00,0.0000,-0.0556,2.34,74
2025-09-21T04:00,0.0000,0.0000,2.18,70
2025-09-21T05:00,0.0556,0.0000,3.18,45
2025-09-21T06:00,0.0000,0.0000,3.59,40
2025-09-21T07:00,0.0000,-0.0556,4.07,37
2025-09-21T08:00,-0.0589,-0.0589,4.68,25
2025-09-21T09:00,-0.0990,-0.0504,5.99,10
2025-09-21T10:00,-0.1585,-0.0515,7.76,2
2025-09-21T11:00,-0.1382,-0.0932,8.55,360
2025-09-21T12:00,-0.1382,-0.0932,7.90,2
2025-09-21T13:00,-0.0982,-0.0982,7.64,6
2025-09-21T14:00,-0.0504,-0.0990,7.39,6
2025-09-21T15:00,0.0000,-0.0556,6.66,13
2025-09-21T16:00,0.0589,-0.0589,5.97,22
2025-09-21T17:00,0.1111,0.0000,4.97,32
2025-09-21T18:00,0.0556,0.0000,4.66,38
2025-09-21T19:00,0.0556,0.0000,3.86,42
2025-09-21T20:00,0.0000,0.0000,2.55,64
2025-09-21T21:00,-0.0556,-0.0000,2.03,80
2025-09-21T22:00,-0.1111,-0.0000,1.95,116
2025-09-21T23:00,-0.1111,-0.0000,2.15,121
2025-09-22T00:00,-0.1585,-0.0515,1.21,83
2025-09-22T01:00,-0.0990,-0.0504,0.39,130
2025-09-22T02:00,-0.0589,-0.0589,2.55,325
2025-09-22T03:00,0.0000,-0.0556,0.45,90
2025-09-22T04:00,0.0589,-0.0589,0.92,112
2025-09-22T05:00,0.1111,0.0000,0.43,54
2025-09-22T06:00,0.1111,0.0000,2.35,333
2025-09-22T07:00,0.0556,0.0000,4.08,341
2025-09-22T08:00,0.0589,-0.0589,4.15,345
2025-09-22T09:00,0.0000,-0.0556,4.22,343
2025-09-22T10:00,0.0000,-0.0556,4.95,344
2025-09-22T11:00,-0.0589,-0.0589,4.79,344
2025-09-22T12:00,-0.0589,-0.0589,4.41,351
2025-09-22T13:00,-0.0589,-0.0589,3.95,1
2025-09-22T14:00,0.0000,-0.0556,3.96,4
2025-09-22T15:00,0.0589,-0.0589,4.02,17
2025-09-22T16:00,0.0990,-0.0504,3.34,17
2025-09-22T17:00,0.1585,-0.0515,2.85,3
2025-09-22T18:00,0.1585,-0.0515,3.95,351
2025-09-22T19:00,0.0990,-0.0504,4.61,351
2025-09-22T20:00,0.1111,0.0000,3.99,352
2025-09-22T21:00,0.0589,-0.0589,3.80,339
2025-09-22T22:00,0.0000,-0.0556,4.00,319
2025-09-22T23:00,-0.0589,-0.0589,3.65,303
2025-09-23T00:00,-0.0990,-0.0504,4.02,297
2025-09-23T01:00,-0.0589,-0.0589,3.62,298
2025-09-23T02:00,0.0000,-0.0556,3.72,292
2025-09-23T03:00,0.0589,-0.0589,3.38,278
2025-09-23T04:00,0.0990,-0.0504,3.20,270
2025-09-23T05:00,0.1585,-0.0515,3.59,291
2025-09-23T06:00,0.1585,-0.0515,4.44,320
2025-09-23T07:00,0.1585,-0.0515,4.74,332
2025-09-23T08:00,0.0990,-0.0504,4.85,338
2025-09-23T09:00,0.0589,-0.0589,5.81,349
2025-09-23T10:00,0.0000,-0.1111,6.52,356
2025-09-23T11:00,0.0000,-0.1111,6.81,357
2025-09-23T12:00,-0.0504,-0.0990,7.05,358
2025-09-23T13:00,-0.0504,-0.0990,7.50,359
2025-09-23T14:00,0.0000,-0.1111,7.45,358
2025-09-23T15:00,0.0504,-0.0990,6.31,357
2025-09-23T16:00,0.1585,-0.0515,7.10,354
2025-09-23T17:00,0.1585,-0.0515,7.78,350
2025-09-23T18:00,0.1585,-0.0515,7.46,346
2025-09-23T19:00,0.1585,-0.0515,6.96,340
2025-09-23T20:00,0.0990,-0.0504,6.60,336
2025-09-23T21:00,0.0504,-0.0990,6.80,338
2025-09-23T22:00,0.0504,-0.0990,7.21,341
2025-09-23T23:00,0.0000,-0.1111,7.56,340
2025-09-24T00:00,-0.0504,-0.0990,8.14,338
2025-09-24T01:00,0.0000,-0.1111,8.01,334
2025-09-24T02:00,0.0000,-0.1111,8.07,333
2025-09-24T03:00,0.0504,-0.0990,7.98,334
2025-09-24T04:00,0.1382,-0.0932,9.02,336
2025-09-24T05:00,0.1980,-0.1009,9.47,338
2025-09-24T06:00,0.1980,-0.1009,9.89,339
2025-09-24T07:00,0.1980,-0.1009,10.14,340
2025-09-24T08:00,0.1382,-0.0932,9.77,341
2025-09-24T09:00,0.0982,-0.0982,9.09,341
2025-09-24T10:00,0.0982,-0.0982,8.42,339
2025-09-24T11:00,0.0589,-0.0589,7.87,337
2025-09-24T12:00,0.0504,-0.0990,7.79,339
2025-09-24T13:00,0.0504,-0.0990,10.82,324
2025-09-24T14:00,0.0982,-0.0982,10.34,324
2025-09-24T15:00,0.0982,-0.0982,9.58,323
2025-09-24T16:00,0.1980,-0.1009,9.02,324
2025-09-24T17:00,0.2454,-0.0477,8.81,324
2025-09-24T18:00,0.2454,-0.0477,8.54,323
2025-09-24T19:00,0.1887,-0.0470,8.31,320
2025-09-24T20:00,0.1887,-0.0470,8.41,320
2025-09-24T21:00,0.1585,-0.0515,8.78,323
2025-09-24T22:00,0.0990,-0.0504,8.91,324
2025-09-24T23:00,0.0504,-0.0990,8.76,326
2025-09-25T00:00,0.0000,-0.1111,8.34,330
2025-09-25T01:00,0.0000,-0.1111,6.82,339
2025-09-25T02:00,0.0000,-0.1111,6.41,337
2025-09-25T03:00,0.0504,-0.0990,6.05,339
2025-09-25T04:00,0.0982,-0.0982,6.53,342
2025-09-25T05:00,0.1585,-0.0515,6.39,341
2025-09-25T06:00,0.1585,-0.0515,5.85,337
2025-09-25T07:00,0.1585,-0.0515,5.64,336
2025-09-25T08:00,0.1585,-0.0515,5.66,333
2025-09-25T09:00,0.0990,-0.0504,5.90,334
2025-09-25T10:00,0.0589,-0.0589,6.26,335
2025-09-25T11:00,0.0000,-0.0556,6.22,339
2025-09-25T12:00,-0.0589,-0.0589,5.55,346
2025-09-25T13:00,-0.0504,-0.0990,5.51,357
2025-09-25T14:00,-0.0504,-0.0990,5.02,5
2025-09-25T15:00,-0.0504,-0.0990,4.34,7
2025-09-25T16:00,0.0000,-0.0556,4.32,6
2025-09-25T17:00,0.0589,-0.0589,4.04,8
2025-09-25T18:00,0.0589,-0.0589,4.24,7
2025-09-25T19:00,0.0589,-0.0589,4.26,3
2025-09-25T20:00,0.0556,0.0000,3.96,3
2025-09-25T21:00,0.0000,-0.0556,3.25,1
2025-09-25T22:00,-0.0589,-0.0589,2.66,5
2025-09-25T23:00,-0.0589,-0.0589,2.11,22
2025-09-26T00:00,-0.0990,-0.0504,1.16,65
2025-09-26T01:00,-0.0990,-0.0504,1.30,148
2025-09-26T02:00,-0.0990,-0.0504,2.70,183
2025-09-26T03:00,-0.0990,-0.0504,2.98,189
2025-09-26T04:00,-0.0556,-0.0000,2.44,191
2025-09-26T05:00,0.0000,0.0000,2.04,191
2025-09-26T06:00,0.0556,0.0000,1.46,186
2025-09-26T07:00,0.0990,0.0504,0.35,180
2025-09-26T08:00,0.0589,0.0589,0.82,346
2025-09-26T09:00,0.0556,0.0000,2.33,351
2025-09-26T10:00,0.0000,0.0000,3.95,351
2025-09-26T11:00,0.0000,0.0000,5.16,348
2025-09-26T12:00,-0.0556,-0.0000,5.32,345
2025-09-26T13:00,-0.0556,-0.0000,5.20,352
2025-09-26T14:00,-0.0556,-0.0000,4.70,359
2025-09-26T15:00,-0.0589,-0.0589,4.17,10
2025-09-26T16:00,-0.0589,-0.0589,3.38,29
2025-09-26T17:00,0.0000,0.0000,3.15,46
2025-09-26T18:00,0.0000,0.0000,2.66,56
2025-09-26T19:00,0.0556,0.0000,2.65,68
2025-09-26T20:00,0.0000,0.0000,2.82,84
2025-09-26T21:00,0.0000,0.0000,2.89,99
2025-09-26T22:00,-0.0556,-0.0000,2.71,102
2025-09-26T23:00,-0.0556,-0.0000,2.61,107
2025-09-27T00:00,-0.1111,-0.0000,2.64,109
2025-09-27T01:00,-0.1111,-0.0000,2.92,103
2025-09-27T02:00,-0.1111,-0.0000,2.93,104
2025-09-27T03:00,-0.1111,-0.0000,2.60,101
2025-09-27T04:00,-0.0556,-0.0000,1.95,93
2025-09-27T05:00,-0.0556,-0.0000,2.25,86
2025-09-27T06:00,0.0000,0.0000,2.81,94
2025-09-27T07:00,0.0000,0.0556,2.11,104
2025-09-27T08:00,0.0589,0.0589,0.81,83
2025-09-27T09:00,0.0000,0.0000,2.00,359
2025-09-27T10:00,0.0000,0.0000,5.13,354
2025-09-27T11:00,-0.0589,-0.0589,5.75,1
2025-09-27T12:00,-0.0589,-0.0589,5.85,7
2025-09-27T13:00,-0.0990,-0.0504,6.08,9
2025-09-27T14:00,-0.0990,-0.0504,6.13,16
2025-09-27T15:00,-0.0990,-0.0504,5.38,23
2025-09-27T16:00,-0.0990,-0.0504,5.33,34
2025-09-27T17:00,-0.0589,-0.0589,4.89,42
2025-09-27T18:00,-0.0556,-0.0000,3.96,43
2025-09-27T19:00,0.0000,0.0000,3.41,39
2025-09-27T20:00,0.0000,0.0000,3.36,42
2025-09-27T21:00,-0.0556,-0.0000,2.97,45
2025-09-27T22:00,-0.0556,-0.0000,2.69,45
2025-09-27T23:00,-0.0556,-0.0000,2.96,37
2025-09-28T00:00,-0.0990,-0.0504,3.11,37
2025-09-28T01:00,-0.0990,-0.0504,3.50,42
2025-09-28T02:00,-0.0990,-0.0504,3.34,51
2025-09-28T03:00,-0.0990,-0.0504,2.95,64
2025-09-28T04:00,-0.0990,-0.0504,2.72,73
2025-09-28T05:00,-0.0556,-0.0000,2.76,78
2025-09-28T06:00,-0.0556,-0.0000,2.77,96
2025-09-28T07:00,0.0000,0.0000,1.59,44
2025-09-28T08:00,0.0589,-0.0589,5.42,351
2025-09-28T09:00,0.0556,0.0000,6.31,357
2025-09-28T10:00,0.0000,-0.0556,6.90,358
2025-09-28T11:00,0.0000,-0.0556,7.00,359
2025-09-28T12:00,0.0000,0.0000,6.95,360
2025-09-28T13:00,0.0000,0.0000,5.94,6
2025-09-28T14:00,-0.0589,-0.0589,4.98,10
2025-09-28T15:00,-0.0589,-0.0589,4.09,8
2025-09-28T16:00,-0.0589,-0.0589,3.45,10
2025-09-28T17:00,0.0000,0.0000,3.36,3
2025-09-28T18:00,0.0000,0.0000,3.58,353
2025-09-28T19:00,0.0000,0.0000,3.46,346
2025-09-28T20:00,0.0000,0.0000,3.61,343
2025-09-28T21:00,0.0000,-0.0556,3.35,351
2025-09-28T22:00,0.0000,-0.0556,3.38,335
2025-09-28T23:00,0.0000,-0.0556,4.07,315
2025-09-29T00:00,-0.0589,-0.0589,4.00,319
2025-09-29T01:00,0.0000,-0.0556,3.61,316
2025-09-29T02:00,0.0000,-0.1111,4.21,323
2025-09-29T03:00,0.0000,-0.1111,4.52,325
2025-09-29T04:00,0.0000,-0.1111,5.40,331
2025-09-29T05:00,0.0504,-0.0990,5.78,337
2025-09-29T06:00,0.0504,-0.0990,6.68,343
2025-09-29T07:00,0.0990,-0.0504,7.69,344
2025-09-29T08:00,0.0990,-0.0504,7.51,347
2025-09-29T09:00,0.0990,-0.0504,8.23,352
2025-09-29T10:00,0.0990,-0.0504,8.51,353
2025-09-29T11:00,0.0589,-0.0589,6.71,357
2025-09-29T12:00,0.0589,-0.0589,6.80,358
2025-09-29T13:00,0.0589,-0.0589,5.01,357
2025-09-29T14:00,0.0000,-0.0556,4.88,349
2025-09-29T15:00,0.0000,-0.0556,4.54,341
2025-09-29T16:00,0.0000,-0.0556,3.55,338
2025-09-29T17:00,0.0000,-0.0556,2.04,338
2025-09-29T18:00,0.0589,-0.0589,2.75,307
2025-09-29T19:00,0.0589,-0.0589,4.46,316
2025-09-29T20:00,0.0589,-0.0589,4.88,317
2025-09-29T21:00,0.0589,-0.0589,4.09,309
2025-09-29T22:00,0.0589,-0.0589,3.79,301
2025-09-29T23:00,0.0589,-0.0589,4.03,300
2025-09-30T00:00,0.0589,-0.0589,4.27,296
2025-09-30T01:00,0.0589,-0.0589,4.00,312
2025-09-30T02:00,0.0504,-0.0990,3.82,316
2025-09-30T03:00,0.0504,-0.0990,3.68,317
2025-09-30T04:00,0.0504,-0.0990,3.70,325
2025-09-30T05:00,0.0504,-0.0990,5.13,345
2025-09-30T06:00,0.0504,-0.0990,4.60,358
2025-09-30T07:00,0.0504,-0.0990,4.68,6
2025-09-30T08:00,0.0504,-0.0990,5.08,10
2025-09-30T09:00,0.0990,-0.0504,5.17,9
2025-09-30T10:00,0.0990,-0.0504,6.14,7
2025-09-30T11:00,0.0990,-0.0504,6.81,4
2025-09-30T12:00,0.0990,-0.0504,7.23,5
2025-09-30T13:00,0.0990,-0.0504,6.95,7
2025-09-30T14:00,0.0589,-0.0589,6.30,7
2025-09-30T15:00,0.0589,-0.0589,5.91,4
2025-09-30T16:00,0.0589,-0.0589,5.30,8
2025-09-30T17:00,0.0000,-0.0556,5.66,356
2025-09-30T18:00,0.0000,-0.0556,6.17,356
2025-09-30T19:00,0.0000,-0.0556,6.32,349
2025-09-30T20:00,0.0000,-0.0556,5.91,341
2025-09-30T21:00,0.0000,-0.0556,5.11,342
2025-09-30T22:00,0.0589,-0.0589,4.81,343
2025-09-30T23:00,0.0000,-0.0556,4.49,343
